[
{
    "fields": {
        "domain": "i-playable.com",
        "name": "Playable"
    },
    "model": "sites.site",
    "pk": 1
},
{
    "fields": {
        "registration_required": false,
        "title": "\u0e2a\u0e34\u0e17\u0e18\u0e34\u0e43\u0e19\u0e17\u0e23\u0e31\u0e1e\u0e22\u0e4c\u0e2a\u0e34\u0e19\u0e17\u0e32\u0e07\u0e1b\u0e31\u0e0d\u0e0d\u0e32",
        "url": "/copyrights/",
        "template_name": "flatpage.html",
        "sites": [
            1
        ],
        "content": "\u0e2a\u0e34\u0e17\u0e18\u0e34\u0e43\u0e19\u0e17\u0e23\u0e31\u0e1e\u0e22\u0e4c\u0e2a\u0e34\u0e19\u0e17\u0e32\u0e07\u0e1b\u0e31\u0e0d\u0e0d\u0e32\r\n========================\r\n\u0e1a\u0e23\u0e23\u0e14\u0e32\u0e23\u0e39\u0e1b\u0e20\u0e32\u0e1e \u0e20\u0e32\u0e1e\u0e40\u0e04\u0e25\u0e37\u0e48\u0e2d\u0e19\u0e44\u0e2b\u0e27 \u0e02\u0e49\u0e2d\u0e04\u0e27\u0e32\u0e21 \u0e40\u0e2a\u0e35\u0e22\u0e07 \u0e23\u0e27\u0e21\u0e17\u0e31\u0e49\u0e07\u0e40\u0e19\u0e37\u0e49\u0e2d\u0e2b\u0e32\u0e02\u0e49\u0e2d\u0e21\u0e39\u0e25 (Content) \u0e41\u0e25\u0e30\u0e2a\u0e48\u0e27\u0e19\u0e1b\u0e23\u0e30\u0e01\u0e2d\u0e1a (Element) \u0e43\u0e14\u0e46 \u0e17\u0e31\u0e49\u0e07\u0e2b\u0e21\u0e14\u0e17\u0e35\u0e48\u0e1b\u0e23\u0e32\u0e01\u0e0f\u0e1a\u0e19 www.Kaidee.com \u0e0b\u0e36\u0e48\u0e07\u0e40\u0e1b\u0e47\u0e19\u0e1c\u0e25\u0e07\u0e32\u0e19\u0e2d\u0e31\u0e19\u0e21\u0e35\u0e25\u0e34\u0e02\u0e2a\u0e34\u0e17\u0e18\u0e34 \u0e23\u0e27\u0e21\u0e17\u0e31\u0e49\u0e07 \u0e40\u0e04\u0e23\u0e37\u0e48\u0e2d\u0e07\u0e2b\u0e21\u0e32\u0e22\u0e01\u0e32\u0e23\u0e04\u0e49\u0e32 \u0e40\u0e04\u0e23\u0e37\u0e48\u0e2d\u0e07\u0e2b\u0e21\u0e32\u0e22\u0e1a\u0e23\u0e34\u0e01\u0e32\u0e23 \u0e0a\u0e37\u0e48\u0e2d \u0e0a\u0e37\u0e48\u0e2d\u0e17\u0e32\u0e07\u0e01\u0e32\u0e23\u0e04\u0e49\u0e32 \u0e2a\u0e34\u0e17\u0e18\u0e34\u0e1a\u0e31\u0e15\u0e23 \u0e42\u0e19\u0e27\u0e4c\u0e2e\u0e32\u0e27 \u0e2b\u0e23\u0e37\u0e2d\u0e2a\u0e34\u0e17\u0e18\u0e34\u0e43\u0e19\u0e25\u0e31\u0e01\u0e29\u0e13\u0e30\u0e40\u0e14\u0e35\u0e22\u0e27\u0e01\u0e31\u0e19 \u0e40\u0e1b\u0e47\u0e19\u0e2a\u0e34\u0e17\u0e18\u0e34\u0e41\u0e25\u0e30\u0e40\u0e1b\u0e47\u0e19\u0e17\u0e23\u0e31\u0e1e\u0e22\u0e4c\u0e2a\u0e34\u0e19\u0e17\u0e32\u0e07\u0e1b\u0e31\u0e0d\u0e0d\u0e32\u0e42\u0e14\u0e22\u0e0a\u0e2d\u0e1a\u0e14\u0e49\u0e27\u0e22\u0e01\u0e0e\u0e2b\u0e21\u0e32\u0e22\u0e02\u0e2d\u0e07 Kaidee.com (\u0e1a\u0e23\u0e34\u0e29\u0e31\u0e17\u0e14\u0e35\u0e40\u0e2d\u0e1f \u0e21\u0e32\u0e23\u0e4c\u0e40\u0e01\u0e47\u0e15\u0e40\u0e1e\u0e25\u0e2a \u0e08\u0e33\u0e01\u0e31\u0e14) \u0e41\u0e15\u0e48\u0e40\u0e1e\u0e35\u0e22\u0e07\u0e1c\u0e39\u0e49\u0e40\u0e14\u0e35\u0e22\u0e27 \u0e42\u0e14\u0e22\u0e40\u0e1b\u0e47\u0e19\u0e07\u0e32\u0e19\u0e2d\u0e31\u0e19\u0e44\u0e14\u0e49\u0e23\u0e31\u0e1a\u0e04\u0e27\u0e32\u0e21\u0e04\u0e38\u0e49\u0e21\u0e04\u0e23\u0e2d\u0e07\u0e15\u0e32\u0e21\u0e01\u0e0e\u0e2b\u0e21\u0e32\u0e22\u0e17\u0e23\u0e31\u0e1e\u0e22\u0e4c\u0e2a\u0e34\u0e19\u0e17\u0e32\u0e07\u0e1b\u0e31\u0e0d\u0e0d\u0e32\u0e41\u0e25\u0e30\u0e01\u0e0e\u0e2b\u0e21\u0e32\u0e22\u0e2d\u0e37\u0e48\u0e19\u0e17\u0e35\u0e48\u0e40\u0e01\u0e35\u0e48\u0e22\u0e27\u0e02\u0e49\u0e2d\u0e07\u0e02\u0e2d\u0e07\u0e44\u0e17\u0e22\r\n\r\n\u0e2b\u0e49\u0e32\u0e21 \u0e17\u0e33\u0e0b\u0e49\u0e33 \u0e04\u0e31\u0e14\u0e25\u0e2d\u0e01 \u0e25\u0e2d\u0e01\u0e40\u0e25\u0e35\u0e22\u0e19 \u0e14\u0e31\u0e14\u0e41\u0e1b\u0e25\u0e07 \u0e1b\u0e25\u0e2d\u0e21\u0e41\u0e1b\u0e25\u0e07 \u0e08\u0e31\u0e14\u0e40\u0e1c\u0e22\u0e41\u0e1e\u0e23\u0e48 \u0e08\u0e33\u0e2b\u0e19\u0e48\u0e32\u0e22 \u0e43\u0e2b\u0e49\u0e40\u0e0a\u0e48\u0e32 \u0e40\u0e02\u0e49\u0e32\u0e04\u0e23\u0e2d\u0e1a\u0e04\u0e23\u0e2d\u0e07 \u0e40\u0e23\u0e35\u0e22\u0e01\u0e14\u0e36\u0e07\u0e02\u0e49\u0e2d\u0e21\u0e39\u0e25 \u0e1a\u0e31\u0e19\u0e17\u0e36\u0e01 \u0e2a\u0e48\u0e07\u0e1c\u0e48\u0e32\u0e19 \u0e2b\u0e23\u0e37\u0e2d\u0e01\u0e23\u0e30\u0e17\u0e33\u0e01\u0e32\u0e23\u0e43\u0e14\u0e46 \u0e40\u0e01\u0e35\u0e48\u0e22\u0e27\u0e01\u0e31\u0e1a\u0e2a\u0e34\u0e17\u0e18\u0e34\u0e41\u0e25\u0e30\u0e17\u0e23\u0e31\u0e1e\u0e22\u0e4c\u0e2a\u0e34\u0e19\u0e17\u0e32\u0e07\u0e1b\u0e31\u0e0d\u0e0d\u0e32\u0e02\u0e2d\u0e07 Kaidee.com \u0e42\u0e14\u0e22\u0e44\u0e21\u0e48\u0e0a\u0e2d\u0e1a\u0e14\u0e49\u0e27\u0e22\u0e01\u0e0e\u0e2b\u0e21\u0e32\u0e22 \u0e2b\u0e23\u0e37\u0e2d\u0e42\u0e14\u0e22\u0e44\u0e21\u0e48\u0e44\u0e14\u0e49\u0e23\u0e31\u0e1a\u0e2d\u0e19\u0e38\u0e0d\u0e32\u0e15\u0e2d\u0e22\u0e48\u0e32\u0e07\u0e40\u0e1b\u0e47\u0e19\u0e17\u0e32\u0e07\u0e01\u0e32\u0e23\u0e08\u0e32\u0e01 Kaidee.com  \u0e2b\u0e23\u0e37\u0e2d\u0e42\u0e14\u0e22\u0e01\u0e48\u0e2d\u0e43\u0e2b\u0e49\u0e40\u0e01\u0e34\u0e14\u0e04\u0e27\u0e32\u0e21\u0e40\u0e2a\u0e35\u0e22\u0e2b\u0e32\u0e22\u0e41\u0e01\u0e48 Kaidee.com \u0e21\u0e34\u0e09\u0e30\u0e19\u0e31\u0e49\u0e19 \u0e08\u0e30\u0e40\u0e1b\u0e47\u0e19\u0e01\u0e32\u0e23\u0e01\u0e23\u0e30\u0e17\u0e33\u0e04\u0e27\u0e32\u0e21\u0e1c\u0e34\u0e14\u0e17\u0e32\u0e07\u0e2d\u0e32\u0e0d\u0e32 \u0e0b\u0e36\u0e48\u0e07\u0e15\u0e49\u0e2d\u0e07\u0e44\u0e14\u0e49\u0e23\u0e31\u0e1a\u0e42\u0e17\u0e29 \u0e15\u0e32\u0e21\u0e1e\u0e23\u0e30\u0e23\u0e32\u0e0a\u0e1a\u0e31\u0e0d\u0e0d\u0e31\u0e15\u0e34\u0e17\u0e23\u0e31\u0e1e\u0e22\u0e4c\u0e2a\u0e34\u0e19\u0e17\u0e32\u0e07\u0e1b\u0e31\u0e0d\u0e0d\u0e32\u0e2f \u0e41\u0e25\u0e30\u0e01\u0e0e\u0e2b\u0e21\u0e32\u0e22\u0e2d\u0e37\u0e48\u0e19\u0e17\u0e35\u0e48\u0e40\u0e01\u0e35\u0e48\u0e22\u0e27\u0e02\u0e49\u0e2d\u0e07 \u0e2d\u0e35\u0e01\u0e17\u0e31\u0e49\u0e07\u0e40\u0e1b\u0e47\u0e19\u0e01\u0e32\u0e23\u0e01\u0e23\u0e30\u0e17\u0e33\u0e25\u0e30\u0e40\u0e21\u0e34\u0e14\u0e15\u0e48\u0e2d Kaidee.com \u0e0b\u0e36\u0e48\u0e07 Kaidee.com \u0e2a\u0e07\u0e27\u0e19\u0e2a\u0e34\u0e17\u0e18\u0e34\u0e43\u0e19\u0e01\u0e32\u0e23\u0e22\u0e31\u0e1a\u0e22\u0e31\u0e49\u0e07\u0e01\u0e32\u0e23\u0e01\u0e23\u0e30\u0e17\u0e33\u0e02\u0e2d\u0e07\u0e17\u0e48\u0e32\u0e19\u0e43\u0e19\u0e17\u0e31\u0e19\u0e17\u0e35 \u0e41\u0e25\u0e30\u0e14\u0e33\u0e40\u0e19\u0e34\u0e19\u0e01\u0e32\u0e23\u0e17\u0e32\u0e07\u0e01\u0e0e\u0e2b\u0e21\u0e32\u0e22\u0e15\u0e48\u0e2d\u0e17\u0e48\u0e32\u0e19\u0e2d\u0e22\u0e48\u0e32\u0e07\u0e40\u0e14\u0e47\u0e14\u0e02\u0e32\u0e14\u0e42\u0e14\u0e22\u0e44\u0e21\u0e48\u0e21\u0e35\u0e02\u0e49\u0e2d\u0e22\u0e01\u0e40\u0e27\u0e49\u0e19",
        "enable_comments": false
    },
    "model": "flatpages.flatpage",
    "pk": 1
},
{
    "fields": {
        "registration_required": false,
        "title": "\u0e2a\u0e34\u0e17\u0e18\u0e34\u0e43\u0e19\u0e23\u0e30\u0e1a\u0e1a\u0e41\u0e25\u0e30\u0e02\u0e49\u0e2d\u0e21\u0e39\u0e25\u0e04\u0e2d\u0e21\u0e1e\u0e34\u0e27\u0e40\u0e15\u0e2d\u0e23\u0e4c",
        "url": "/system-right/",
        "template_name": "base_polymer.html",
        "sites": [
            1
        ],
        "content": "\u0e23\u0e30\u0e1a\u0e1a Kaidee.com \u0e40\u0e1b\u0e47\u0e19\u0e23\u0e30\u0e1a\u0e1a\u0e04\u0e2d\u0e21\u0e1e\u0e34\u0e27\u0e40\u0e15\u0e2d\u0e23\u0e4c\u0e17\u0e35\u0e48\u0e21\u0e35\u0e21\u0e32\u0e15\u0e23\u0e01\u0e32\u0e23\u0e1b\u0e49\u0e2d\u0e07\u0e01\u0e31\u0e19\u0e01\u0e32\u0e23\u0e40\u0e02\u0e49\u0e32\u0e16\u0e36\u0e07\u0e42\u0e14\u0e22\u0e40\u0e09\u0e1e\u0e32\u0e30 \u0e41\u0e25\u0e30\u0e21\u0e32\u0e15\u0e23\u0e01\u0e32\u0e23\u0e19\u0e31\u0e49\u0e19\u0e21\u0e35\u0e44\u0e27\u0e49\u0e2a\u0e33\u0e2b\u0e23\u0e31\u0e1a\u0e04\u0e27\u0e32\u0e21\u0e21\u0e31\u0e48\u0e19\u0e04\u0e07\u0e41\u0e25\u0e30\u0e1b\u0e25\u0e2d\u0e14\u0e20\u0e31\u0e22\u0e02\u0e2d\u0e07\u0e23\u0e30\u0e1a\u0e1a Kaidee.com \u0e2d\u0e31\u0e19\u0e44\u0e14\u0e49\u0e23\u0e31\u0e1a\u0e04\u0e27\u0e32\u0e21\u0e04\u0e38\u0e49\u0e21\u0e04\u0e23\u0e2d\u0e07\u0e15\u0e32\u0e21\u0e01\u0e0e\u0e2b\u0e21\u0e32\u0e22\u0e27\u0e48\u0e32\u0e14\u0e49\u0e27\u0e22\u0e01\u0e32\u0e23\u0e01\u0e23\u0e30\u0e17\u0e33\u0e04\u0e27\u0e32\u0e21\u0e1c\u0e34\u0e14\u0e40\u0e01\u0e35\u0e48\u0e22\u0e27\u0e01\u0e31\u0e1a\u0e04\u0e2d\u0e21\u0e1e\u0e34\u0e27\u0e40\u0e15\u0e2d\u0e23\u0e4c\r\n\r\n\r\n\u0e2b\u0e49\u0e32\u0e21 \u0e40\u0e02\u0e49\u0e32\u0e16\u0e36\u0e07\u0e23\u0e30\u0e1a\u0e1a Kaidee.com \u0e42\u0e14\u0e22\u0e21\u0e34\u0e0a\u0e2d\u0e1a&nbsp; \u0e2b\u0e23\u0e37\u0e2d\u0e40\u0e1b\u0e34\u0e14\u0e40\u0e1c\u0e22\u0e21\u0e32\u0e15\u0e23\u0e01\u0e32\u0e23\u0e1b\u0e49\u0e2d\u0e07\u0e01\u0e31\u0e19\u0e23\u0e30\u0e1a\u0e1a Kaidee.com \u0e2b\u0e23\u0e37\u0e2d\u0e23\u0e30\u0e07\u0e31\u0e1a/\u0e0a\u0e30\u0e25\u0e2d/\u0e02\u0e31\u0e14\u0e02\u0e27\u0e32\u0e07\u0e01\u0e32\u0e23\u0e17\u0e33\u0e07\u0e32\u0e19\u0e02\u0e2d\u0e07\u0e23\u0e30\u0e1a\u0e1a Kaidee.com \u0e2b\u0e23\u0e37\u0e2d\u0e14\u0e31\u0e01\u0e23\u0e31\u0e1a/\u0e17\u0e33\u0e43\u0e2b\u0e49\u0e40\u0e2a\u0e35\u0e22\u0e2b\u0e32\u0e22/\u0e17\u0e33\u0e25\u0e32\u0e22/\u0e41\u0e01\u0e49\u0e44\u0e02/\u0e40\u0e1b\u0e25\u0e35\u0e48\u0e22\u0e19\u0e41\u0e1b\u0e25\u0e07/\u0e40\u0e1e\u0e34\u0e48\u0e21\u0e40\u0e15\u0e34\u0e21\u0e02\u0e49\u0e2d\u0e21\u0e39\u0e25\u0e04\u0e2d\u0e21\u0e1e\u0e34\u0e27\u0e40\u0e15\u0e2d\u0e23\u0e4c \u0e2b\u0e23\u0e37\u0e2d\u0e2a\u0e48\u0e07\u0e02\u0e49\u0e2d\u0e21\u0e39\u0e25\u0e04\u0e2d\u0e21\u0e1e\u0e34\u0e27\u0e40\u0e15\u0e2d\u0e23\u0e4c\u0e42\u0e14\u0e22\u0e1b\u0e01\u0e1b\u0e34\u0e14\u0e1b\u0e25\u0e2d\u0e21\u0e41\u0e1b\u0e25\u0e07\u0e41\u0e2b\u0e25\u0e48\u0e07\u0e17\u0e35\u0e48\u0e21\u0e32 \u0e2b\u0e23\u0e37\u0e2d\u0e19\u0e33\u0e02\u0e49\u0e2d\u0e21\u0e39\u0e25\u0e1b\u0e25\u0e2d\u0e21/\u0e40\u0e17\u0e47\u0e08/\u0e1c\u0e34\u0e14\u0e01\u0e0e\u0e2b\u0e21\u0e32\u0e22/\u0e25\u0e32\u0e21\u0e01\u0e40\u0e02\u0e49\u0e32\u0e2a\u0e39\u0e48\u0e23\u0e30\u0e1a\u0e1a Kaidee.com\r\n\r\n\r\n\u0e2b\u0e49\u0e32\u0e21 \u0e43\u0e0a\u0e49\u0e2b\u0e23\u0e37\u0e2d\u0e08\u0e31\u0e14\u0e17\u0e33 Software \u0e2b\u0e23\u0e37\u0e2d\u0e01\u0e23\u0e30\u0e17\u0e33\u0e01\u0e32\u0e23\u0e43\u0e14\u0e17\u0e35\u0e48 Interact \u0e2b\u0e23\u0e37\u0e2d Interoperate \u0e01\u0e31\u0e1a\u0e23\u0e30\u0e1a\u0e1a Kaidee.com \u0e40\u0e0a\u0e48\u0e19 Download, Upload, Post, Flag, Emailing, Search \u0e40\u0e1b\u0e47\u0e19\u0e15\u0e49\u0e19 \u0e42\u0e14\u0e22\u0e21\u0e34\u0e0a\u0e2d\u0e1a \u0e40\u0e27\u0e49\u0e19\u0e41\u0e15\u0e48\u0e01\u0e23\u0e13\u0e35\u0e17\u0e35\u0e48\u0e43\u0e0a\u0e49 Web Browsers \u0e2b\u0e23\u0e37\u0e2d Software \u0e42\u0e14\u0e22\u0e17\u0e31\u0e48\u0e27\u0e44\u0e1b \u0e17\u0e35\u0e48\u0e44\u0e14\u0e49\u0e23\u0e31\u0e1a\u0e2d\u0e19\u0e38\u0e0d\u0e32\u0e15\u0e08\u0e32\u0e01 Kaidee.com\r\n\r\n\r\n&nbsp;\u0e2b\u0e49\u0e32\u0e21 Robots, Phishing, Spiders, Scripts, Scrapers, Crawlers, Spam Posting \u0e2b\u0e23\u0e37\u0e2d\u0e01\u0e23\u0e30\u0e17\u0e33\u0e01\u0e32\u0e23\u0e2d\u0e31\u0e19\u0e21\u0e35\u0e25\u0e31\u0e01\u0e29\u0e13\u0e30\u0e40\u0e14\u0e35\u0e22\u0e27\u0e01\u0e31\u0e19 \u0e44\u0e21\u0e48\u0e27\u0e48\u0e32\u0e27\u0e34\u0e18\u0e35\u0e01\u0e32\u0e23\u0e43\u0e14\u0e46 \u0e01\u0e31\u0e1a\u0e23\u0e30\u0e1a\u0e1a Kaidee.com \u0e0b\u0e36\u0e48\u0e07\u0e40\u0e1b\u0e47\u0e19\u0e01\u0e32\u0e23\u0e01\u0e23\u0e30\u0e17\u0e33\u0e17\u0e35\u0e48\u0e44\u0e21\u0e48\u0e0a\u0e2d\u0e1a\u0e14\u0e49\u0e27\u0e22\u0e01\u0e0e\u0e2b\u0e21\u0e32\u0e22\u0e41\u0e25\u0e30\u0e44\u0e21\u0e48\u0e1e\u0e36\u0e07\u0e1b\u0e23\u0e30\u0e2a\u0e07\u0e04\u0e4c\r\n\r\n\r\n\u0e2b\u0e49\u0e32\u0e21 \u0e23\u0e27\u0e1a\u0e23\u0e27\u0e21\u0e02\u0e49\u0e2d\u0e21\u0e39\u0e25\u0e1c\u0e39\u0e49\u0e43\u0e0a\u0e49\u0e1a\u0e23\u0e34\u0e01\u0e32\u0e23 \u0e41\u0e25\u0e30\u0e2b\u0e23\u0e37\u0e2d\u0e02\u0e49\u0e2d\u0e21\u0e39\u0e25\u0e0a\u0e48\u0e2d\u0e07\u0e17\u0e32\u0e07\u0e01\u0e32\u0e23\u0e15\u0e34\u0e14\u0e15\u0e48\u0e2d\u0e1c\u0e39\u0e49\u0e43\u0e0a\u0e49\u0e1a\u0e23\u0e34\u0e01\u0e32\u0e23\u0e02\u0e2d\u0e07\u0e23\u0e30\u0e1a\u0e1a Kaidee.com\r\n\r\n\u0e01\u0e23\u0e13\u0e35\u0e15\u0e32\u0e21 2. \u0e16\u0e36\u0e07 5. \u0e02\u0e49\u0e32\u0e07\u0e15\u0e49\u0e19\u0e40\u0e1b\u0e47\u0e19\u0e01\u0e32\u0e23\u0e01\u0e23\u0e30\u0e17\u0e33\u0e04\u0e27\u0e32\u0e21\u0e1c\u0e34\u0e14\u0e17\u0e32\u0e07\u0e2d\u0e32\u0e0d\u0e32\u0e15\u0e32\u0e21\u0e01\u0e0e\u0e2b\u0e21\u0e32\u0e22\u0e27\u0e48\u0e32\u0e14\u0e49\u0e27\u0e22\u0e01\u0e32\u0e23\u0e01\u0e23\u0e30\u0e17\u0e33\u0e04\u0e27\u0e32\u0e21\u0e1c\u0e34\u0e14\u0e40\u0e01\u0e35\u0e48\u0e22\u0e27\u0e01\u0e31\u0e1a\u0e04\u0e2d\u0e21\u0e1e\u0e34\u0e27\u0e40\u0e15\u0e2d\u0e23\u0e4c \u0e2d\u0e35\u0e01\u0e17\u0e31\u0e49\u0e07\u0e40\u0e1b\u0e47\u0e19\u0e01\u0e32\u0e23\u0e01\u0e23\u0e30\u0e17\u0e33\u0e25\u0e30\u0e40\u0e21\u0e34\u0e14\u0e15\u0e48\u0e2d Kaidee.com \u0e0b\u0e36\u0e48\u0e07 Kaidee.com \u0e2a\u0e07\u0e27\u0e19\u0e2a\u0e34\u0e17\u0e18\u0e34\u0e43\u0e19\u0e01\u0e32\u0e23\u0e22\u0e31\u0e1a\u0e22\u0e31\u0e49\u0e07\u0e01\u0e32\u0e23\u0e01\u0e23\u0e30\u0e17\u0e33\u0e02\u0e2d\u0e07\u0e17\u0e48\u0e32\u0e19\u0e43\u0e19\u0e17\u0e31\u0e19\u0e17\u0e35 \u0e41\u0e25\u0e30\u0e14\u0e33\u0e40\u0e19\u0e34\u0e19\u0e01\u0e32\u0e23\u0e17\u0e32\u0e07\u0e01\u0e0e\u0e2b\u0e21\u0e32\u0e22\u0e15\u0e48\u0e2d\u0e17\u0e48\u0e32\u0e19\u0e2d\u0e22\u0e48\u0e32\u0e07\u0e40\u0e14\u0e47\u0e14\u0e02\u0e32\u0e14\u0e42\u0e14\u0e22\u0e44\u0e21\u0e48\u0e21\u0e35\u0e02\u0e49\u0e2d\u0e22\u0e01\u0e40\u0e27\u0e49\u0e19 \u0e42\u0e14\u0e22\u0e17\u0e48\u0e32\u0e19\u0e08\u0e30\u0e21\u0e35\u0e04\u0e27\u0e32\u0e21\u0e23\u0e31\u0e1a\u0e1c\u0e34\u0e14\u0e17\u0e35\u0e48\u0e15\u0e49\u0e2d\u0e07\u0e0a\u0e14\u0e43\u0e0a\u0e49\u0e04\u0e48\u0e32\u0e40\u0e2a\u0e35\u0e22\u0e2b\u0e32\u0e22\u0e15\u0e48\u0e2d Kaidee.com \u0e15\u0e32\u0e21\u0e2d\u0e31\u0e15\u0e23\u0e32\u0e04\u0e27\u0e32\u0e21\u0e40\u0e2a\u0e35\u0e22\u0e2b\u0e32\u0e22\u0e17\u0e35\u0e48\u0e1b\u0e23\u0e30\u0e40\u0e21\u0e34\u0e19\u0e2d\u0e22\u0e48\u0e32\u0e07\u0e2a\u0e21\u0e40\u0e2b\u0e15\u0e38\u0e2a\u0e21\u0e1c\u0e25\u0e41\u0e25\u0e49\u0e27 500 \u0e1a\u0e32\u0e17 \u0e15\u0e48\u0e2d Post \u0e2b\u0e23\u0e37\u0e2d 500 \u0e1a\u0e32\u0e17 \u0e15\u0e48\u0e2d User Account \u0e2b\u0e23\u0e37\u0e2d 50 \u0e1a\u0e32\u0e17 \u0e15\u0e48\u0e2d Server Request \u0e15\u0e48\u0e2d\u0e27\u0e31\u0e19 \u0e2b\u0e23\u0e37\u0e2d 500,000 \u0e1a\u0e32\u0e17 \u0e15\u0e48\u0e2d\u0e27\u0e31\u0e19 \u0e17\u0e31\u0e49\u0e07\u0e19\u0e35\u0e49 \u0e41\u0e25\u0e49\u0e27\u0e41\u0e15\u0e48\u0e08\u0e33\u0e19\u0e27\u0e19\u0e43\u0e14\u0e08\u0e30\u0e21\u0e32\u0e01\u0e01\u0e27\u0e48\u0e32 \u0e42\u0e14\u0e22\u0e44\u0e21\u0e48\u0e16\u0e37\u0e2d\u0e40\u0e1b\u0e47\u0e19\u0e04\u0e48\u0e32\u0e40\u0e2a\u0e35\u0e22\u0e2b\u0e32\u0e22\u0e43\u0e19\u0e40\u0e0a\u0e34\u0e07\u0e25\u0e07\u0e42\u0e17\u0e29 \u0e41\u0e25\u0e30\u0e44\u0e21\u0e48\u0e23\u0e27\u0e21\u0e04\u0e48\u0e32\u0e40\u0e2a\u0e35\u0e22\u0e2b\u0e32\u0e22\u0e2a\u0e48\u0e27\u0e19\u0e2d\u0e37\u0e48\u0e19\u0e46 \u0e17\u0e35\u0e48 Kaidee.com \u0e21\u0e35\u0e2a\u0e34\u0e17\u0e18\u0e34\u0e40\u0e23\u0e35\u0e22\u0e01\u0e23\u0e49\u0e2d\u0e07\u0e2d\u0e35\u0e01\u0e15\u0e48\u0e32\u0e07\u0e2b\u0e32\u0e01\r\n\r\n** \u0e01\u0e32\u0e23\u0e2a\u0e21\u0e31\u0e04\u0e23\u0e2a\u0e21\u0e32\u0e0a\u0e34\u0e01 \u0e01\u0e32\u0e23\u0e43\u0e0a\u0e49\u0e1a\u0e23\u0e34\u0e01\u0e32\u0e23 \u0e01\u0e32\u0e23\u0e40\u0e22\u0e35\u0e48\u0e22\u0e21\u0e0a\u0e21 www.Kaidee.com&nbsp;\u0e40\u0e1b\u0e47\u0e19\u0e01\u0e32\u0e23\u0e41\u0e2a\u0e14\u0e07\u0e40\u0e08\u0e15\u0e19\u0e32\u0e22\u0e2d\u0e21\u0e23\u0e31\u0e1a\u0e17\u0e35\u0e48\u0e08\u0e30\u0e1b\u0e0f\u0e34\u0e1a\u0e31\u0e15\u0e34\u0e15\u0e32\u0e21\u0e02\u0e49\u0e2d\u0e01\u0e33\u0e2b\u0e19\u0e14\u0e41\u0e25\u0e30\u0e40\u0e07\u0e37\u0e48\u0e2d\u0e19\u0e44\u0e02\u0e01\u0e32\u0e23\u0e43\u0e0a\u0e49\u0e1a\u0e23\u0e34\u0e01\u0e32\u0e23 \u0e23\u0e27\u0e21\u0e17\u0e31\u0e49\u0e07\u0e01\u0e0e \u0e41\u0e25\u0e30\u0e02\u0e49\u0e2d\u0e08\u0e33\u0e01\u0e31\u0e14\u0e01\u0e32\u0e23\u0e43\u0e0a\u0e49\u0e1a\u0e23\u0e34\u0e01\u0e32\u0e23\u0e02\u0e2d\u0e07 Kaidee.com \u0e17\u0e38\u0e01\u0e1b\u0e23\u0e30\u0e01\u0e32\u0e23\u0e2d\u0e22\u0e48\u0e32\u0e07\u0e15\u0e48\u0e2d\u0e40\u0e19\u0e37\u0e48\u0e2d\u0e07",
        "enable_comments": false
    },
    "model": "flatpages.flatpage",
    "pk": 2
},
{
    "fields": {
        "name": "Playable Pubs."
    },
    "model": "product.publisher",
    "pk": 1
},
{
    "fields": {
        "name": "YDP Sanoma Finland"
    },
    "model": "product.author",
    "pk": 1
},
{
    "fields": {
        "name": "\u0e27\u0e34\u0e0a\u0e32\u0e01\u0e32\u0e23"
    },
    "model": "product.author",
    "pk": 2
},
{
    "fields": {
        "name": "\u0e1b.1"
    },
    "model": "product.grade",
    "pk": 1
},
{
    "fields": {
        "name": "\u0e1b.2"
    },
    "model": "product.grade",
    "pk": 2
},
{
    "fields": {
        "name": "\u0e1b.3"
    },
    "model": "product.grade",
    "pk": 3
},
{
    "fields": {
        "name": "\u0e1b.4"
    },
    "model": "product.grade",
    "pk": 4
},
{
    "fields": {
        "name": "\u0e1b.5"
    },
    "model": "product.grade",
    "pk": 5
},
{
    "fields": {
        "name": "\u0e1b.6"
    },
    "model": "product.grade",
    "pk": 6
},
{
    "fields": {
        "name": "\u0e21.1"
    },
    "model": "product.grade",
    "pk": 7
},
{
    "fields": {
        "name": "\u0e21.2"
    },
    "model": "product.grade",
    "pk": 8
},
{
    "fields": {
        "name": "\u0e21.3"
    },
    "model": "product.grade",
    "pk": 9
},
{
    "fields": {
        "name": "\u0e21.4"
    },
    "model": "product.grade",
    "pk": 10
},
{
    "fields": {
        "name": "\u0e21.5"
    },
    "model": "product.grade",
    "pk": 11
},
{
    "fields": {
        "name": "\u0e21.6"
    },
    "model": "product.grade",
    "pk": 12
},
{
    "fields": {
        "name": "\u0e1b.4-\u0e1b.6"
    },
    "model": "product.grade",
    "pk": 13
},
{
    "fields": {
        "name": "\u0e1b\u0e23\u0e30\u0e16\u0e21"
    },
    "model": "product.grade",
    "pk": 14
},
{
    "fields": {
        "name": "\u0e1b\u0e23\u0e30\u0e16\u0e21-\u0e21\u0e31\u0e18\u0e22\u0e21"
    },
    "model": "product.grade",
    "pk": 15
},
{
    "fields": {
        "name": "Active Learner"
    },
    "model": "product.category",
    "pk": 1
},
{
    "fields": {
        "name": "Active Reader"
    },
    "model": "product.category",
    "pk": 2
},
{
    "fields": {
        "name": "Universal Curriculum"
    },
    "model": "product.category",
    "pk": 3
},
{
    "fields": {
        "category": 1,
        "publisher": 1,
        "code": "7171015",
        "name": "Active Learner \u0e20\u0e32\u0e29\u0e32\u0e44\u0e17\u0e22  \u0e1b.1  \u0e2b\u0e25\u0e31\u0e01\u0e2a\u0e39\u0e15\u0e23\u0e41\u0e01\u0e19\u0e01\u0e25\u0e32\u0e07\u0e2f '51",
        "author": 2,
        "grade": 1,
        "price": 1000,
        "amout": null
    },
    "model": "product.product",
    "pk": 1
},
{
    "fields": {
        "category": 1,
        "publisher": 1,
        "code": "7176020",
        "name": "Active Learner \u0e04\u0e13\u0e34\u0e15\u0e28\u0e32\u0e2a\u0e15\u0e23\u0e4c  \u0e1b.1 \u0e2b\u0e25\u0e31\u0e01\u0e2a\u0e39\u0e15\u0e23\u0e41\u0e01\u0e19\u0e01\u0e25\u0e32\u0e07\u0e2f '51",
        "author": 2,
        "grade": 1,
        "price": 1000,
        "amout": null
    },
    "model": "product.product",
    "pk": 2
},
{
    "fields": {
        "category": 1,
        "publisher": 1,
        "code": "7178015",
        "name": "Active Learner \u0e27\u0e34\u0e17\u0e22\u0e32\u0e28\u0e32\u0e2a\u0e15\u0e23\u0e4c  \u0e1b.1 \u0e2b\u0e25\u0e31\u0e01\u0e2a\u0e39\u0e15\u0e23\u0e41\u0e01\u0e19\u0e01\u0e25\u0e32\u0e07\u0e2f '51",
        "author": 2,
        "grade": 1,
        "price": 1000,
        "amout": null
    },
    "model": "product.product",
    "pk": 3
},
{
    "fields": {
        "category": 1,
        "publisher": 1,
        "code": "7173040",
        "name": "Active Learner \u0e2a\u0e31\u0e07\u0e04\u0e21\u0e2f  \u0e1b.1 \u0e2b\u0e25\u0e31\u0e01\u0e2a\u0e39\u0e15\u0e23\u0e41\u0e01\u0e19\u0e01\u0e25\u0e32\u0e07\u0e2f '51",
        "author": 2,
        "grade": 1,
        "price": 1000,
        "amout": null
    },
    "model": "product.product",
    "pk": 4
},
{
    "fields": {
        "category": 1,
        "publisher": 1,
        "code": "7173043",
        "name": "Active Learner \u0e1e\u0e23\u0e30\u0e1e\u0e38\u0e17\u0e18\u0e28\u0e32\u0e2a\u0e19\u0e32  \u0e1b.1 \u0e2b\u0e25\u0e31\u0e01\u0e2a\u0e39\u0e15\u0e23\u0e41\u0e01\u0e19\u0e01\u0e25\u0e32\u0e07\u0e2f '51",
        "author": 2,
        "grade": 1,
        "price": 1000,
        "amout": null
    },
    "model": "product.product",
    "pk": 5
},
{
    "fields": {
        "category": 1,
        "publisher": 1,
        "code": "7173046",
        "name": "Active Learner \u0e1b\u0e23\u0e30\u0e27\u0e31\u0e15\u0e34\u0e28\u0e32\u0e2a\u0e15\u0e23\u0e4c  \u0e1b.1 \u0e2b\u0e25\u0e31\u0e01\u0e2a\u0e39\u0e15\u0e23\u0e41\u0e01\u0e19\u0e01\u0e25\u0e32\u0e07\u0e2f '51",
        "author": 2,
        "grade": 1,
        "price": 1000,
        "amout": null
    },
    "model": "product.product",
    "pk": 6
},
{
    "fields": {
        "category": 1,
        "publisher": 1,
        "code": "7174012",
        "name": "Active Learner \u0e2a\u0e38\u0e02\u0e28\u0e36\u0e01\u0e29\u0e32  \u0e1b.1 \u0e2b\u0e25\u0e31\u0e01\u0e2a\u0e39\u0e15\u0e23\u0e41\u0e01\u0e19\u0e01\u0e25\u0e32\u0e07\u0e2f '51",
        "author": 2,
        "grade": 1,
        "price": 1000,
        "amout": null
    },
    "model": "product.product",
    "pk": 7
},
{
    "fields": {
        "category": 1,
        "publisher": 1,
        "code": "7175026",
        "name": "Active Learner \u0e17\u0e31\u0e28\u0e19\u0e28\u0e34\u0e25\u0e1b\u0e4c  \u0e1b.1 \u0e2b\u0e25\u0e31\u0e01\u0e2a\u0e39\u0e15\u0e23\u0e41\u0e01\u0e19\u0e01\u0e25\u0e32\u0e07\u0e2f '51",
        "author": 2,
        "grade": 1,
        "price": 1000,
        "amout": null
    },
    "model": "product.product",
    "pk": 8
},
{
    "fields": {
        "category": 1,
        "publisher": 1,
        "code": "7175029",
        "name": "Active Learner \u0e14\u0e19\u0e15\u0e23\u0e35-\u0e19\u0e32\u0e0f\u0e28\u0e34\u0e25\u0e1b\u0e4c  \u0e1b.1 \u0e2b\u0e25\u0e31\u0e01\u0e2a\u0e39\u0e15\u0e23\u0e41\u0e01\u0e19\u0e01\u0e25\u0e32\u0e07\u0e2f '51",
        "author": 2,
        "grade": 1,
        "price": 1000,
        "amout": null
    },
    "model": "product.product",
    "pk": 9
},
{
    "fields": {
        "category": 1,
        "publisher": 1,
        "code": "7177015",
        "name": "Active Learner \u0e01\u0e32\u0e23\u0e07\u0e32\u0e19\u0e2d\u0e32\u0e0a\u0e35\u0e1e\u0e41\u0e25\u0e30\u0e40\u0e17\u0e04\u0e42\u0e19\u0e42\u0e25\u0e22\u0e35  \u0e1b.1 \u0e2b\u0e25\u0e31\u0e01\u0e2a\u0e39\u0e15\u0e23\u0e41\u0e01\u0e19\u0e01\u0e25\u0e32\u0e07\u0e2f '51",
        "author": 2,
        "grade": 1,
        "price": 1000,
        "amout": null
    },
    "model": "product.product",
    "pk": 10
},
{
    "fields": {
        "category": 1,
        "publisher": 1,
        "code": "7172016",
        "name": "Active Learner \u0e20\u0e32\u0e29\u0e32\u0e2d\u0e31\u0e07\u0e01\u0e24\u0e29  \u0e1b.1 \u0e2b\u0e25\u0e31\u0e01\u0e2a\u0e39\u0e15\u0e23\u0e41\u0e01\u0e19\u0e01\u0e25\u0e32\u0e07\u0e2f '51",
        "author": 2,
        "grade": 1,
        "price": 1000,
        "amout": null
    },
    "model": "product.product",
    "pk": 11
},
{
    "fields": {
        "category": 1,
        "publisher": 1,
        "code": "7179008",
        "name": "Active Learner \u0e25\u0e39\u0e01\u0e40\u0e2a\u0e37\u0e2d-\u0e40\u0e19\u0e15\u0e23\u0e19\u0e32\u0e23\u0e35 \u0e1b.1 \u0e2b\u0e25\u0e31\u0e01\u0e2a\u0e39\u0e15\u0e23\u0e41\u0e01\u0e19\u0e01\u0e25\u0e32\u0e07\u0e2f '51",
        "author": 2,
        "grade": 1,
        "price": 1000,
        "amout": null
    },
    "model": "product.product",
    "pk": 12
},
{
    "fields": {
        "category": 1,
        "publisher": 1,
        "code": "7171016",
        "name": "Active Learner \u0e20\u0e32\u0e29\u0e32\u0e44\u0e17\u0e22  \u0e1b.2  \u0e2b\u0e25\u0e31\u0e01\u0e2a\u0e39\u0e15\u0e23\u0e41\u0e01\u0e19\u0e01\u0e25\u0e32\u0e07\u0e2f '51",
        "author": 2,
        "grade": 2,
        "price": 1000,
        "amout": null
    },
    "model": "product.product",
    "pk": 13
},
{
    "fields": {
        "category": 1,
        "publisher": 1,
        "code": "7176021",
        "name": "Active Learner \u0e04\u0e13\u0e34\u0e15\u0e28\u0e32\u0e2a\u0e15\u0e23\u0e4c  \u0e1b.2 \u0e2b\u0e25\u0e31\u0e01\u0e2a\u0e39\u0e15\u0e23\u0e41\u0e01\u0e19\u0e01\u0e25\u0e32\u0e07\u0e2f '51",
        "author": 2,
        "grade": 2,
        "price": 1000,
        "amout": null
    },
    "model": "product.product",
    "pk": 14
},
{
    "fields": {
        "category": 1,
        "publisher": 1,
        "code": "7178016",
        "name": "Active Learner \u0e27\u0e34\u0e17\u0e22\u0e32\u0e28\u0e32\u0e2a\u0e15\u0e23\u0e4c  \u0e1b.2 \u0e2b\u0e25\u0e31\u0e01\u0e2a\u0e39\u0e15\u0e23\u0e41\u0e01\u0e19\u0e01\u0e25\u0e32\u0e07\u0e2f '51",
        "author": 2,
        "grade": 2,
        "price": 1000,
        "amout": null
    },
    "model": "product.product",
    "pk": 15
},
{
    "fields": {
        "category": 1,
        "publisher": 1,
        "code": "7173041",
        "name": "Active Learner \u0e2a\u0e31\u0e07\u0e04\u0e21\u0e2f  \u0e1b.2 \u0e2b\u0e25\u0e31\u0e01\u0e2a\u0e39\u0e15\u0e23\u0e41\u0e01\u0e19\u0e01\u0e25\u0e32\u0e07\u0e2f '51",
        "author": 2,
        "grade": 2,
        "price": 1000,
        "amout": null
    },
    "model": "product.product",
    "pk": 16
},
{
    "fields": {
        "category": 1,
        "publisher": 1,
        "code": "7173044",
        "name": "Active Learner \u0e1e\u0e23\u0e30\u0e1e\u0e38\u0e17\u0e18\u0e28\u0e32\u0e2a\u0e19\u0e32  \u0e1b.2 \u0e2b\u0e25\u0e31\u0e01\u0e2a\u0e39\u0e15\u0e23\u0e41\u0e01\u0e19\u0e01\u0e25\u0e32\u0e07\u0e2f '51",
        "author": 2,
        "grade": 2,
        "price": 1000,
        "amout": null
    },
    "model": "product.product",
    "pk": 17
},
{
    "fields": {
        "category": 1,
        "publisher": 1,
        "code": "7173047",
        "name": "Active Learner \u0e1b\u0e23\u0e30\u0e27\u0e31\u0e15\u0e34\u0e28\u0e32\u0e2a\u0e15\u0e23\u0e4c  \u0e1b.2 \u0e2b\u0e25\u0e31\u0e01\u0e2a\u0e39\u0e15\u0e23\u0e41\u0e01\u0e19\u0e01\u0e25\u0e32\u0e07\u0e2f '51",
        "author": 2,
        "grade": 2,
        "price": 1000,
        "amout": null
    },
    "model": "product.product",
    "pk": 18
},
{
    "fields": {
        "category": 1,
        "publisher": 1,
        "code": "7174013",
        "name": "Active Learner \u0e2a\u0e38\u0e02\u0e28\u0e36\u0e01\u0e29\u0e32  \u0e1b.2 \u0e2b\u0e25\u0e31\u0e01\u0e2a\u0e39\u0e15\u0e23\u0e41\u0e01\u0e19\u0e01\u0e25\u0e32\u0e07\u0e2f '51",
        "author": 2,
        "grade": 2,
        "price": 1000,
        "amout": null
    },
    "model": "product.product",
    "pk": 19
},
{
    "fields": {
        "category": 1,
        "publisher": 1,
        "code": "7175027",
        "name": "Active Learner \u0e17\u0e31\u0e28\u0e19\u0e28\u0e34\u0e25\u0e1b\u0e4c  \u0e1b.2 \u0e2b\u0e25\u0e31\u0e01\u0e2a\u0e39\u0e15\u0e23\u0e41\u0e01\u0e19\u0e01\u0e25\u0e32\u0e07\u0e2f '51",
        "author": 2,
        "grade": 2,
        "price": 1000,
        "amout": null
    },
    "model": "product.product",
    "pk": 20
},
{
    "fields": {
        "category": 1,
        "publisher": 1,
        "code": "7175030",
        "name": "Active Learner \u0e14\u0e19\u0e15\u0e23\u0e35-\u0e19\u0e32\u0e0f\u0e28\u0e34\u0e25\u0e1b\u0e4c  \u0e1b.2 \u0e2b\u0e25\u0e31\u0e01\u0e2a\u0e39\u0e15\u0e23\u0e41\u0e01\u0e19\u0e01\u0e25\u0e32\u0e07\u0e2f '51",
        "author": 2,
        "grade": 2,
        "price": 1000,
        "amout": null
    },
    "model": "product.product",
    "pk": 21
},
{
    "fields": {
        "category": 1,
        "publisher": 1,
        "code": "7177016",
        "name": "Active Learner \u0e01\u0e32\u0e23\u0e07\u0e32\u0e19\u0e2d\u0e32\u0e0a\u0e35\u0e1e\u0e41\u0e25\u0e30\u0e40\u0e17\u0e04\u0e42\u0e19\u0e42\u0e25\u0e22\u0e35  \u0e1b.2 \u0e2b\u0e25\u0e31\u0e01\u0e2a\u0e39\u0e15\u0e23\u0e41\u0e01\u0e19\u0e01\u0e25\u0e32\u0e07\u0e2f '51",
        "author": 2,
        "grade": 2,
        "price": 1000,
        "amout": null
    },
    "model": "product.product",
    "pk": 22
},
{
    "fields": {
        "category": 1,
        "publisher": 1,
        "code": "7172017",
        "name": "Active Learner \u0e20\u0e32\u0e29\u0e32\u0e2d\u0e31\u0e07\u0e01\u0e24\u0e29  \u0e1b.2 \u0e2b\u0e25\u0e31\u0e01\u0e2a\u0e39\u0e15\u0e23\u0e41\u0e01\u0e19\u0e01\u0e25\u0e32\u0e07\u0e2f '51",
        "author": 2,
        "grade": 2,
        "price": 1000,
        "amout": null
    },
    "model": "product.product",
    "pk": 23
},
{
    "fields": {
        "category": 1,
        "publisher": 1,
        "code": "7179009",
        "name": "Active Learner \u0e25\u0e39\u0e01\u0e40\u0e2a\u0e37\u0e2d-\u0e40\u0e19\u0e15\u0e23\u0e19\u0e32\u0e23\u0e35 \u0e1b.2 \u0e2b\u0e25\u0e31\u0e01\u0e2a\u0e39\u0e15\u0e23\u0e41\u0e01\u0e19\u0e01\u0e25\u0e32\u0e07\u0e2f '51",
        "author": 2,
        "grade": 2,
        "price": 1000,
        "amout": null
    },
    "model": "product.product",
    "pk": 24
},
{
    "fields": {
        "category": 1,
        "publisher": 1,
        "code": "7171017",
        "name": "Active Learner \u0e20\u0e32\u0e29\u0e32\u0e44\u0e17\u0e22  \u0e1b.3  \u0e2b\u0e25\u0e31\u0e01\u0e2a\u0e39\u0e15\u0e23\u0e41\u0e01\u0e19\u0e01\u0e25\u0e32\u0e07\u0e2f '51",
        "author": 2,
        "grade": 3,
        "price": 1000,
        "amout": null
    },
    "model": "product.product",
    "pk": 25
},
{
    "fields": {
        "category": 1,
        "publisher": 1,
        "code": "7176022",
        "name": "Active Learner \u0e04\u0e13\u0e34\u0e15\u0e28\u0e32\u0e2a\u0e15\u0e23\u0e4c  \u0e1b.3 \u0e2b\u0e25\u0e31\u0e01\u0e2a\u0e39\u0e15\u0e23\u0e41\u0e01\u0e19\u0e01\u0e25\u0e32\u0e07\u0e2f '51",
        "author": 2,
        "grade": 3,
        "price": 1000,
        "amout": null
    },
    "model": "product.product",
    "pk": 26
},
{
    "fields": {
        "category": 1,
        "publisher": 1,
        "code": "7178017",
        "name": "Active Learner \u0e27\u0e34\u0e17\u0e22\u0e32\u0e28\u0e32\u0e2a\u0e15\u0e23\u0e4c  \u0e1b.3 \u0e2b\u0e25\u0e31\u0e01\u0e2a\u0e39\u0e15\u0e23\u0e41\u0e01\u0e19\u0e01\u0e25\u0e32\u0e07\u0e2f '51",
        "author": 2,
        "grade": 3,
        "price": 1000,
        "amout": null
    },
    "model": "product.product",
    "pk": 27
},
{
    "fields": {
        "category": 1,
        "publisher": 1,
        "code": "7173042",
        "name": "Active Learner \u0e2a\u0e31\u0e07\u0e04\u0e21\u0e2f  \u0e1b.3 \u0e2b\u0e25\u0e31\u0e01\u0e2a\u0e39\u0e15\u0e23\u0e41\u0e01\u0e19\u0e01\u0e25\u0e32\u0e07\u0e2f '51",
        "author": 2,
        "grade": 3,
        "price": 1000,
        "amout": null
    },
    "model": "product.product",
    "pk": 28
},
{
    "fields": {
        "category": 1,
        "publisher": 1,
        "code": "7173045",
        "name": "Active Learner \u0e1e\u0e23\u0e30\u0e1e\u0e38\u0e17\u0e18\u0e28\u0e32\u0e2a\u0e19\u0e32  \u0e1b.3 \u0e2b\u0e25\u0e31\u0e01\u0e2a\u0e39\u0e15\u0e23\u0e41\u0e01\u0e19\u0e01\u0e25\u0e32\u0e07\u0e2f '51",
        "author": 2,
        "grade": 3,
        "price": 1000,
        "amout": null
    },
    "model": "product.product",
    "pk": 29
},
{
    "fields": {
        "category": 1,
        "publisher": 1,
        "code": "7173048",
        "name": "Active Learner \u0e1b\u0e23\u0e30\u0e27\u0e31\u0e15\u0e34\u0e28\u0e32\u0e2a\u0e15\u0e23\u0e4c  \u0e1b.3 \u0e2b\u0e25\u0e31\u0e01\u0e2a\u0e39\u0e15\u0e23\u0e41\u0e01\u0e19\u0e01\u0e25\u0e32\u0e07\u0e2f '51",
        "author": 2,
        "grade": 3,
        "price": 1000,
        "amout": null
    },
    "model": "product.product",
    "pk": 30
},
{
    "fields": {
        "category": 1,
        "publisher": 1,
        "code": "7174014",
        "name": "Active Learner \u0e2a\u0e38\u0e02\u0e28\u0e36\u0e01\u0e29\u0e32  \u0e1b.3 \u0e2b\u0e25\u0e31\u0e01\u0e2a\u0e39\u0e15\u0e23\u0e41\u0e01\u0e19\u0e01\u0e25\u0e32\u0e07\u0e2f '51",
        "author": 2,
        "grade": 3,
        "price": 1000,
        "amout": null
    },
    "model": "product.product",
    "pk": 31
},
{
    "fields": {
        "category": 1,
        "publisher": 1,
        "code": "7175028",
        "name": "Active Learner \u0e17\u0e31\u0e28\u0e19\u0e28\u0e34\u0e25\u0e1b\u0e4c  \u0e1b.3 \u0e2b\u0e25\u0e31\u0e01\u0e2a\u0e39\u0e15\u0e23\u0e41\u0e01\u0e19\u0e01\u0e25\u0e32\u0e07\u0e2f '51",
        "author": 2,
        "grade": 3,
        "price": 1000,
        "amout": null
    },
    "model": "product.product",
    "pk": 32
},
{
    "fields": {
        "category": 1,
        "publisher": 1,
        "code": "7175031",
        "name": "Active Learner \u0e14\u0e19\u0e15\u0e23\u0e35-\u0e19\u0e32\u0e0f\u0e28\u0e34\u0e25\u0e1b\u0e4c  \u0e1b.3 \u0e2b\u0e25\u0e31\u0e01\u0e2a\u0e39\u0e15\u0e23\u0e41\u0e01\u0e19\u0e01\u0e25\u0e32\u0e07\u0e2f '51",
        "author": 2,
        "grade": 3,
        "price": 1000,
        "amout": null
    },
    "model": "product.product",
    "pk": 33
},
{
    "fields": {
        "category": 1,
        "publisher": 1,
        "code": "7177017",
        "name": "Active Learner \u0e01\u0e32\u0e23\u0e07\u0e32\u0e19\u0e2d\u0e32\u0e0a\u0e35\u0e1e\u0e41\u0e25\u0e30\u0e40\u0e17\u0e04\u0e42\u0e19\u0e42\u0e25\u0e22\u0e35  \u0e1b.3 \u0e2b\u0e25\u0e31\u0e01\u0e2a\u0e39\u0e15\u0e23\u0e41\u0e01\u0e19\u0e01\u0e25\u0e32\u0e07\u0e2f '51",
        "author": 2,
        "grade": 3,
        "price": 1000,
        "amout": null
    },
    "model": "product.product",
    "pk": 34
},
{
    "fields": {
        "category": 1,
        "publisher": 1,
        "code": "7172018",
        "name": "Active Learner \u0e20\u0e32\u0e29\u0e32\u0e2d\u0e31\u0e07\u0e01\u0e24\u0e29  \u0e1b.3 \u0e2b\u0e25\u0e31\u0e01\u0e2a\u0e39\u0e15\u0e23\u0e41\u0e01\u0e19\u0e01\u0e25\u0e32\u0e07\u0e2f '51",
        "author": 2,
        "grade": 3,
        "price": 1000,
        "amout": null
    },
    "model": "product.product",
    "pk": 35
},
{
    "fields": {
        "category": 1,
        "publisher": 1,
        "code": "7179010",
        "name": "Active Learner \u0e25\u0e39\u0e01\u0e40\u0e2a\u0e37\u0e2d-\u0e40\u0e19\u0e15\u0e23\u0e19\u0e32\u0e23\u0e35 \u0e1b.3 \u0e2b\u0e25\u0e31\u0e01\u0e2a\u0e39\u0e15\u0e23\u0e41\u0e01\u0e19\u0e01\u0e25\u0e32\u0e07\u0e2f '51",
        "author": 2,
        "grade": 3,
        "price": 1000,
        "amout": null
    },
    "model": "product.product",
    "pk": 36
},
{
    "fields": {
        "category": 1,
        "publisher": 1,
        "code": "7471015",
        "name": "Active Learner \u0e20\u0e32\u0e29\u0e32\u0e44\u0e17\u0e22  \u0e1b.4  \u0e2b\u0e25\u0e31\u0e01\u0e2a\u0e39\u0e15\u0e23\u0e41\u0e01\u0e19\u0e01\u0e25\u0e32\u0e07\u0e2f '51",
        "author": 2,
        "grade": 4,
        "price": 1000,
        "amout": null
    },
    "model": "product.product",
    "pk": 37
},
{
    "fields": {
        "category": 1,
        "publisher": 1,
        "code": "7476020",
        "name": "Active Learner \u0e04\u0e13\u0e34\u0e15\u0e28\u0e32\u0e2a\u0e15\u0e23\u0e4c  \u0e1b.4 \u0e2b\u0e25\u0e31\u0e01\u0e2a\u0e39\u0e15\u0e23\u0e41\u0e01\u0e19\u0e01\u0e25\u0e32\u0e07\u0e2f '51",
        "author": 2,
        "grade": 4,
        "price": 1000,
        "amout": null
    },
    "model": "product.product",
    "pk": 38
},
{
    "fields": {
        "category": 1,
        "publisher": 1,
        "code": "7478015",
        "name": "Active Learner \u0e27\u0e34\u0e17\u0e22\u0e32\u0e28\u0e32\u0e2a\u0e15\u0e23\u0e4c  \u0e1b.4 \u0e2b\u0e25\u0e31\u0e01\u0e2a\u0e39\u0e15\u0e23\u0e41\u0e01\u0e19\u0e01\u0e25\u0e32\u0e07\u0e2f '51",
        "author": 2,
        "grade": 4,
        "price": 1000,
        "amout": null
    },
    "model": "product.product",
    "pk": 39
},
{
    "fields": {
        "category": 1,
        "publisher": 1,
        "code": "7473040",
        "name": "Active Learner \u0e2a\u0e31\u0e07\u0e04\u0e21\u0e2f  \u0e1b.4 \u0e2b\u0e25\u0e31\u0e01\u0e2a\u0e39\u0e15\u0e23\u0e41\u0e01\u0e19\u0e01\u0e25\u0e32\u0e07\u0e2f '51",
        "author": 2,
        "grade": 4,
        "price": 1000,
        "amout": null
    },
    "model": "product.product",
    "pk": 40
},
{
    "fields": {
        "category": 1,
        "publisher": 1,
        "code": "7473043",
        "name": "Active Learner \u0e1e\u0e23\u0e30\u0e1e\u0e38\u0e17\u0e18\u0e28\u0e32\u0e2a\u0e19\u0e32  \u0e1b.4 \u0e2b\u0e25\u0e31\u0e01\u0e2a\u0e39\u0e15\u0e23\u0e41\u0e01\u0e19\u0e01\u0e25\u0e32\u0e07\u0e2f '51",
        "author": 2,
        "grade": 4,
        "price": 1000,
        "amout": null
    },
    "model": "product.product",
    "pk": 41
},
{
    "fields": {
        "category": 1,
        "publisher": 1,
        "code": "7473046",
        "name": "Active Learner \u0e1b\u0e23\u0e30\u0e27\u0e31\u0e15\u0e34\u0e28\u0e32\u0e2a\u0e15\u0e23\u0e4c  \u0e1b.4 \u0e2b\u0e25\u0e31\u0e01\u0e2a\u0e39\u0e15\u0e23\u0e41\u0e01\u0e19\u0e01\u0e25\u0e32\u0e07\u0e2f '51",
        "author": 2,
        "grade": 4,
        "price": 1000,
        "amout": null
    },
    "model": "product.product",
    "pk": 42
},
{
    "fields": {
        "category": 1,
        "publisher": 1,
        "code": "7474012",
        "name": "Active Learner \u0e2a\u0e38\u0e02\u0e28\u0e36\u0e01\u0e29\u0e32  \u0e1b.4 \u0e2b\u0e25\u0e31\u0e01\u0e2a\u0e39\u0e15\u0e23\u0e41\u0e01\u0e19\u0e01\u0e25\u0e32\u0e07\u0e2f '51",
        "author": 2,
        "grade": 4,
        "price": 1000,
        "amout": null
    },
    "model": "product.product",
    "pk": 43
},
{
    "fields": {
        "category": 1,
        "publisher": 1,
        "code": "7475026",
        "name": "Active Learner \u0e17\u0e31\u0e28\u0e19\u0e28\u0e34\u0e25\u0e1b\u0e4c  \u0e1b.4 \u0e2b\u0e25\u0e31\u0e01\u0e2a\u0e39\u0e15\u0e23\u0e41\u0e01\u0e19\u0e01\u0e25\u0e32\u0e07\u0e2f '51",
        "author": 2,
        "grade": 4,
        "price": 1000,
        "amout": null
    },
    "model": "product.product",
    "pk": 44
},
{
    "fields": {
        "category": 1,
        "publisher": 1,
        "code": "7475029",
        "name": "Active Learner \u0e14\u0e19\u0e15\u0e23\u0e35-\u0e19\u0e32\u0e0f\u0e28\u0e34\u0e25\u0e1b\u0e4c  \u0e1b.4 \u0e2b\u0e25\u0e31\u0e01\u0e2a\u0e39\u0e15\u0e23\u0e41\u0e01\u0e19\u0e01\u0e25\u0e32\u0e07\u0e2f '51",
        "author": 2,
        "grade": 4,
        "price": 1000,
        "amout": null
    },
    "model": "product.product",
    "pk": 45
},
{
    "fields": {
        "category": 1,
        "publisher": 1,
        "code": "7477015",
        "name": "Active Learner \u0e01\u0e32\u0e23\u0e07\u0e32\u0e19\u0e2d\u0e32\u0e0a\u0e35\u0e1e\u0e41\u0e25\u0e30\u0e40\u0e17\u0e04\u0e42\u0e19\u0e42\u0e25\u0e22\u0e35  \u0e1b.4 \u0e2b\u0e25\u0e31\u0e01\u0e2a\u0e39\u0e15\u0e23\u0e41\u0e01\u0e19\u0e01\u0e25\u0e32\u0e07\u0e2f '51",
        "author": 2,
        "grade": 4,
        "price": 1000,
        "amout": null
    },
    "model": "product.product",
    "pk": 46
},
{
    "fields": {
        "category": 1,
        "publisher": 1,
        "code": "7472016",
        "name": "Active Learner \u0e20\u0e32\u0e29\u0e32\u0e2d\u0e31\u0e07\u0e01\u0e24\u0e29  \u0e1b.4 \u0e2b\u0e25\u0e31\u0e01\u0e2a\u0e39\u0e15\u0e23\u0e41\u0e01\u0e19\u0e01\u0e25\u0e32\u0e07\u0e2f '51",
        "author": 2,
        "grade": 4,
        "price": 1000,
        "amout": null
    },
    "model": "product.product",
    "pk": 47
},
{
    "fields": {
        "category": 1,
        "publisher": 1,
        "code": "7479009",
        "name": "Active Learner \u0e25\u0e39\u0e01\u0e40\u0e2a\u0e37\u0e2d-\u0e40\u0e19\u0e15\u0e23\u0e19\u0e32\u0e23\u0e35 \u0e1b.4 \u0e2b\u0e25\u0e31\u0e01\u0e2a\u0e39\u0e15\u0e23\u0e41\u0e01\u0e19\u0e01\u0e25\u0e32\u0e07\u0e2f '51",
        "author": 2,
        "grade": 4,
        "price": 1000,
        "amout": null
    },
    "model": "product.product",
    "pk": 48
},
{
    "fields": {
        "category": 1,
        "publisher": 1,
        "code": "7471016",
        "name": "Active Learner \u0e20\u0e32\u0e29\u0e32\u0e44\u0e17\u0e22  \u0e1b.5  \u0e2b\u0e25\u0e31\u0e01\u0e2a\u0e39\u0e15\u0e23\u0e41\u0e01\u0e19\u0e01\u0e25\u0e32\u0e07\u0e2f '51",
        "author": 2,
        "grade": 5,
        "price": 1000,
        "amout": null
    },
    "model": "product.product",
    "pk": 49
},
{
    "fields": {
        "category": 1,
        "publisher": 1,
        "code": "7476021",
        "name": "Active Learner \u0e04\u0e13\u0e34\u0e15\u0e28\u0e32\u0e2a\u0e15\u0e23\u0e4c  \u0e1b.5 \u0e2b\u0e25\u0e31\u0e01\u0e2a\u0e39\u0e15\u0e23\u0e41\u0e01\u0e19\u0e01\u0e25\u0e32\u0e07\u0e2f '51",
        "author": 2,
        "grade": 5,
        "price": 1000,
        "amout": null
    },
    "model": "product.product",
    "pk": 50
},
{
    "fields": {
        "category": 1,
        "publisher": 1,
        "code": "7478016",
        "name": "Active Learner \u0e27\u0e34\u0e17\u0e22\u0e32\u0e28\u0e32\u0e2a\u0e15\u0e23\u0e4c  \u0e1b.5 \u0e2b\u0e25\u0e31\u0e01\u0e2a\u0e39\u0e15\u0e23\u0e41\u0e01\u0e19\u0e01\u0e25\u0e32\u0e07\u0e2f '51",
        "author": 2,
        "grade": 5,
        "price": 1000,
        "amout": null
    },
    "model": "product.product",
    "pk": 51
},
{
    "fields": {
        "category": 1,
        "publisher": 1,
        "code": "7473041",
        "name": "Active Learner \u0e2a\u0e31\u0e07\u0e04\u0e21\u0e2f  \u0e1b.5 \u0e2b\u0e25\u0e31\u0e01\u0e2a\u0e39\u0e15\u0e23\u0e41\u0e01\u0e19\u0e01\u0e25\u0e32\u0e07\u0e2f '51",
        "author": 2,
        "grade": 5,
        "price": 1000,
        "amout": null
    },
    "model": "product.product",
    "pk": 52
},
{
    "fields": {
        "category": 1,
        "publisher": 1,
        "code": "7473044",
        "name": "Active Learner \u0e1e\u0e23\u0e30\u0e1e\u0e38\u0e17\u0e18\u0e28\u0e32\u0e2a\u0e19\u0e32  \u0e1b.5 \u0e2b\u0e25\u0e31\u0e01\u0e2a\u0e39\u0e15\u0e23\u0e41\u0e01\u0e19\u0e01\u0e25\u0e32\u0e07\u0e2f '51",
        "author": 2,
        "grade": 5,
        "price": 1000,
        "amout": null
    },
    "model": "product.product",
    "pk": 53
},
{
    "fields": {
        "category": 1,
        "publisher": 1,
        "code": "7473047",
        "name": "Active Learner \u0e1b\u0e23\u0e30\u0e27\u0e31\u0e15\u0e34\u0e28\u0e32\u0e2a\u0e15\u0e23\u0e4c  \u0e1b.5 \u0e2b\u0e25\u0e31\u0e01\u0e2a\u0e39\u0e15\u0e23\u0e41\u0e01\u0e19\u0e01\u0e25\u0e32\u0e07\u0e2f '51",
        "author": 2,
        "grade": 5,
        "price": 1000,
        "amout": null
    },
    "model": "product.product",
    "pk": 54
},
{
    "fields": {
        "category": 1,
        "publisher": 1,
        "code": "7474013",
        "name": "Active Learner \u0e2a\u0e38\u0e02\u0e28\u0e36\u0e01\u0e29\u0e32  \u0e1b.5 \u0e2b\u0e25\u0e31\u0e01\u0e2a\u0e39\u0e15\u0e23\u0e41\u0e01\u0e19\u0e01\u0e25\u0e32\u0e07\u0e2f '51",
        "author": 2,
        "grade": 5,
        "price": 1000,
        "amout": null
    },
    "model": "product.product",
    "pk": 55
},
{
    "fields": {
        "category": 1,
        "publisher": 1,
        "code": "7475027",
        "name": "Active Learner \u0e17\u0e31\u0e28\u0e19\u0e28\u0e34\u0e25\u0e1b\u0e4c  \u0e1b.5 \u0e2b\u0e25\u0e31\u0e01\u0e2a\u0e39\u0e15\u0e23\u0e41\u0e01\u0e19\u0e01\u0e25\u0e32\u0e07\u0e2f '51",
        "author": 2,
        "grade": 5,
        "price": 1000,
        "amout": null
    },
    "model": "product.product",
    "pk": 56
},
{
    "fields": {
        "category": 1,
        "publisher": 1,
        "code": "7475030",
        "name": "Active Learner \u0e14\u0e19\u0e15\u0e23\u0e35-\u0e19\u0e32\u0e0f\u0e28\u0e34\u0e25\u0e1b\u0e4c  \u0e1b.5 \u0e2b\u0e25\u0e31\u0e01\u0e2a\u0e39\u0e15\u0e23\u0e41\u0e01\u0e19\u0e01\u0e25\u0e32\u0e07\u0e2f '51",
        "author": 2,
        "grade": 5,
        "price": 1000,
        "amout": null
    },
    "model": "product.product",
    "pk": 57
},
{
    "fields": {
        "category": 1,
        "publisher": 1,
        "code": "7477016",
        "name": "Active Learner \u0e01\u0e32\u0e23\u0e07\u0e32\u0e19\u0e2d\u0e32\u0e0a\u0e35\u0e1e\u0e41\u0e25\u0e30\u0e40\u0e17\u0e04\u0e42\u0e19\u0e42\u0e25\u0e22\u0e35  \u0e1b.5 \u0e2b\u0e25\u0e31\u0e01\u0e2a\u0e39\u0e15\u0e23\u0e41\u0e01\u0e19\u0e01\u0e25\u0e32\u0e07\u0e2f '51",
        "author": 2,
        "grade": 5,
        "price": 1000,
        "amout": null
    },
    "model": "product.product",
    "pk": 58
},
{
    "fields": {
        "category": 1,
        "publisher": 1,
        "code": "7472017",
        "name": "Active Learner \u0e20\u0e32\u0e29\u0e32\u0e2d\u0e31\u0e07\u0e01\u0e24\u0e29  \u0e1b.5 \u0e2b\u0e25\u0e31\u0e01\u0e2a\u0e39\u0e15\u0e23\u0e41\u0e01\u0e19\u0e01\u0e25\u0e32\u0e07\u0e2f '51",
        "author": 2,
        "grade": 5,
        "price": 1000,
        "amout": null
    },
    "model": "product.product",
    "pk": 59
},
{
    "fields": {
        "category": 1,
        "publisher": 1,
        "code": "7479010",
        "name": "Active Learner \u0e25\u0e39\u0e01\u0e40\u0e2a\u0e37\u0e2d-\u0e40\u0e19\u0e15\u0e23\u0e19\u0e32\u0e23\u0e35 \u0e1b.5 \u0e2b\u0e25\u0e31\u0e01\u0e2a\u0e39\u0e15\u0e23\u0e41\u0e01\u0e19\u0e01\u0e25\u0e32\u0e07\u0e2f '51",
        "author": 2,
        "grade": 5,
        "price": 1000,
        "amout": null
    },
    "model": "product.product",
    "pk": 60
},
{
    "fields": {
        "category": 1,
        "publisher": 1,
        "code": "7471017",
        "name": "Active Learner \u0e20\u0e32\u0e29\u0e32\u0e44\u0e17\u0e22  \u0e1b.6  \u0e2b\u0e25\u0e31\u0e01\u0e2a\u0e39\u0e15\u0e23\u0e41\u0e01\u0e19\u0e01\u0e25\u0e32\u0e07\u0e2f '51",
        "author": 2,
        "grade": 6,
        "price": 1000,
        "amout": null
    },
    "model": "product.product",
    "pk": 61
},
{
    "fields": {
        "category": 1,
        "publisher": 1,
        "code": "7476022",
        "name": "Active Learner \u0e04\u0e13\u0e34\u0e15\u0e28\u0e32\u0e2a\u0e15\u0e23\u0e4c  \u0e1b.6 \u0e2b\u0e25\u0e31\u0e01\u0e2a\u0e39\u0e15\u0e23\u0e41\u0e01\u0e19\u0e01\u0e25\u0e32\u0e07\u0e2f '51",
        "author": 2,
        "grade": 6,
        "price": 1000,
        "amout": null
    },
    "model": "product.product",
    "pk": 62
},
{
    "fields": {
        "category": 1,
        "publisher": 1,
        "code": "7478017",
        "name": "Active Learner \u0e27\u0e34\u0e17\u0e22\u0e32\u0e28\u0e32\u0e2a\u0e15\u0e23\u0e4c  \u0e1b.6 \u0e2b\u0e25\u0e31\u0e01\u0e2a\u0e39\u0e15\u0e23\u0e41\u0e01\u0e19\u0e01\u0e25\u0e32\u0e07\u0e2f '51",
        "author": 2,
        "grade": 6,
        "price": 1000,
        "amout": null
    },
    "model": "product.product",
    "pk": 63
},
{
    "fields": {
        "category": 1,
        "publisher": 1,
        "code": "7473042",
        "name": "Active Learner \u0e2a\u0e31\u0e07\u0e04\u0e21\u0e2f  \u0e1b.6 \u0e2b\u0e25\u0e31\u0e01\u0e2a\u0e39\u0e15\u0e23\u0e41\u0e01\u0e19\u0e01\u0e25\u0e32\u0e07\u0e2f '51",
        "author": 2,
        "grade": 6,
        "price": 1000,
        "amout": null
    },
    "model": "product.product",
    "pk": 64
},
{
    "fields": {
        "category": 1,
        "publisher": 1,
        "code": "7473045",
        "name": "Active Learner \u0e1e\u0e23\u0e30\u0e1e\u0e38\u0e17\u0e18\u0e28\u0e32\u0e2a\u0e19\u0e32  \u0e1b.6 \u0e2b\u0e25\u0e31\u0e01\u0e2a\u0e39\u0e15\u0e23\u0e41\u0e01\u0e19\u0e01\u0e25\u0e32\u0e07\u0e2f '51",
        "author": 2,
        "grade": 6,
        "price": 1000,
        "amout": null
    },
    "model": "product.product",
    "pk": 65
},
{
    "fields": {
        "category": 1,
        "publisher": 1,
        "code": "7473048",
        "name": "Active Learner \u0e1b\u0e23\u0e30\u0e27\u0e31\u0e15\u0e34\u0e28\u0e32\u0e2a\u0e15\u0e23\u0e4c  \u0e1b.6 \u0e2b\u0e25\u0e31\u0e01\u0e2a\u0e39\u0e15\u0e23\u0e41\u0e01\u0e19\u0e01\u0e25\u0e32\u0e07\u0e2f '51",
        "author": 2,
        "grade": 6,
        "price": 1000,
        "amout": null
    },
    "model": "product.product",
    "pk": 66
},
{
    "fields": {
        "category": 1,
        "publisher": 1,
        "code": "7474014",
        "name": "Active Learner \u0e2a\u0e38\u0e02\u0e28\u0e36\u0e01\u0e29\u0e32  \u0e1b.6 \u0e2b\u0e25\u0e31\u0e01\u0e2a\u0e39\u0e15\u0e23\u0e41\u0e01\u0e19\u0e01\u0e25\u0e32\u0e07\u0e2f '51",
        "author": 2,
        "grade": 6,
        "price": 1000,
        "amout": null
    },
    "model": "product.product",
    "pk": 67
},
{
    "fields": {
        "category": 1,
        "publisher": 1,
        "code": "7475028",
        "name": "Active Learner \u0e17\u0e31\u0e28\u0e19\u0e28\u0e34\u0e25\u0e1b\u0e4c  \u0e1b.6 \u0e2b\u0e25\u0e31\u0e01\u0e2a\u0e39\u0e15\u0e23\u0e41\u0e01\u0e19\u0e01\u0e25\u0e32\u0e07\u0e2f '51",
        "author": 2,
        "grade": 6,
        "price": 1000,
        "amout": null
    },
    "model": "product.product",
    "pk": 68
},
{
    "fields": {
        "category": 1,
        "publisher": 1,
        "code": "7475031",
        "name": "Active Learner \u0e14\u0e19\u0e15\u0e23\u0e35-\u0e19\u0e32\u0e0f\u0e28\u0e34\u0e25\u0e1b\u0e4c  \u0e1b.6 \u0e2b\u0e25\u0e31\u0e01\u0e2a\u0e39\u0e15\u0e23\u0e41\u0e01\u0e19\u0e01\u0e25\u0e32\u0e07\u0e2f '51",
        "author": 2,
        "grade": 6,
        "price": 1000,
        "amout": null
    },
    "model": "product.product",
    "pk": 69
},
{
    "fields": {
        "category": 1,
        "publisher": 1,
        "code": "7477017",
        "name": "Active Learner \u0e01\u0e32\u0e23\u0e07\u0e32\u0e19\u0e2d\u0e32\u0e0a\u0e35\u0e1e\u0e41\u0e25\u0e30\u0e40\u0e17\u0e04\u0e42\u0e19\u0e42\u0e25\u0e22\u0e35  \u0e1b.6 \u0e2b\u0e25\u0e31\u0e01\u0e2a\u0e39\u0e15\u0e23\u0e41\u0e01\u0e19\u0e01\u0e25\u0e32\u0e07\u0e2f '51",
        "author": 2,
        "grade": 6,
        "price": 1000,
        "amout": null
    },
    "model": "product.product",
    "pk": 70
},
{
    "fields": {
        "category": 1,
        "publisher": 1,
        "code": "7472018",
        "name": "Active Learner \u0e20\u0e32\u0e29\u0e32\u0e2d\u0e31\u0e07\u0e01\u0e24\u0e29  \u0e1b.6 \u0e2b\u0e25\u0e31\u0e01\u0e2a\u0e39\u0e15\u0e23\u0e41\u0e01\u0e19\u0e01\u0e25\u0e32\u0e07\u0e2f '51",
        "author": 2,
        "grade": 6,
        "price": 1000,
        "amout": null
    },
    "model": "product.product",
    "pk": 71
},
{
    "fields": {
        "category": 1,
        "publisher": 1,
        "code": "7479011",
        "name": "Active Learner \u0e25\u0e39\u0e01\u0e40\u0e2a\u0e37\u0e2d-\u0e40\u0e19\u0e15\u0e23\u0e19\u0e32\u0e23\u0e35 \u0e1b.6 \u0e2b\u0e25\u0e31\u0e01\u0e2a\u0e39\u0e15\u0e23\u0e41\u0e01\u0e19\u0e01\u0e25\u0e32\u0e07\u0e2f '51",
        "author": 2,
        "grade": 6,
        "price": 1000,
        "amout": null
    },
    "model": "product.product",
    "pk": 72
},
{
    "fields": {
        "category": 1,
        "publisher": 1,
        "code": "7671006",
        "name": "Active Learner \u0e20\u0e32\u0e29\u0e32\u0e44\u0e17\u0e22  \u0e2b\u0e25\u0e31\u0e01\u0e20\u0e32\u0e29\u0e32\u0e41\u0e25\u0e30\u0e01\u0e32\u0e23\u0e43\u0e0a\u0e49\u0e20\u0e32\u0e29\u0e32 \u0e21.1 \u0e2b\u0e25\u0e31\u0e01\u0e2a\u0e39\u0e15\u0e23\u0e41\u0e01\u0e19\u0e01\u0e25\u0e32\u0e07\u0e2f '51",
        "author": 2,
        "grade": 7,
        "price": 1000,
        "amout": null
    },
    "model": "product.product",
    "pk": 73
},
{
    "fields": {
        "category": 1,
        "publisher": 1,
        "code": "7671009",
        "name": "Active Learner \u0e20\u0e32\u0e29\u0e32\u0e44\u0e17\u0e22  \u0e27\u0e23\u0e23\u0e13\u0e01\u0e23\u0e23\u0e21\u0e41\u0e25\u0e30\u0e27\u0e23\u0e23\u0e13\u0e04\u0e14\u0e35 \u0e21.1 \u0e2b\u0e25\u0e31\u0e01\u0e2a\u0e39\u0e15\u0e23\u0e41\u0e01\u0e19\u0e01\u0e25\u0e32\u0e07\u0e2f  '51",
        "author": 2,
        "grade": 7,
        "price": 1000,
        "amout": null
    },
    "model": "product.product",
    "pk": 74
},
{
    "fields": {
        "category": 1,
        "publisher": 1,
        "code": "7676008",
        "name": "Active Learner \u0e04\u0e13\u0e34\u0e15\u0e28\u0e32\u0e2a\u0e15\u0e23\u0e4c  \u0e21.1 \u0e40\u0e25\u0e48\u0e21 1 \u0e2b\u0e25\u0e31\u0e01\u0e2a\u0e39\u0e15\u0e23\u0e41\u0e01\u0e19\u0e01\u0e25\u0e32\u0e07\u0e2f  '51",
        "author": 2,
        "grade": 7,
        "price": 1000,
        "amout": null
    },
    "model": "product.product",
    "pk": 75
},
{
    "fields": {
        "category": 1,
        "publisher": 1,
        "code": "7676009",
        "name": "Active Learner \u0e04\u0e13\u0e34\u0e15\u0e28\u0e32\u0e2a\u0e15\u0e23\u0e4c  \u0e21.1 \u0e40\u0e25\u0e48\u0e21 2 \u0e2b\u0e25\u0e31\u0e01\u0e2a\u0e39\u0e15\u0e23\u0e41\u0e01\u0e19\u0e01\u0e25\u0e32\u0e07\u0e2f  '51",
        "author": 2,
        "grade": 7,
        "price": 1000,
        "amout": null
    },
    "model": "product.product",
    "pk": 76
},
{
    "fields": {
        "category": 1,
        "publisher": 1,
        "code": "7678016",
        "name": "Active Learner \u0e27\u0e34\u0e17\u0e22\u0e32\u0e28\u0e32\u0e2a\u0e15\u0e23\u0e4c  \u0e21.1 \u0e40\u0e25\u0e48\u0e21 1 \u0e2b\u0e25\u0e31\u0e01\u0e2a\u0e39\u0e15\u0e23\u0e41\u0e01\u0e19\u0e01\u0e25\u0e32\u0e07\u0e2f  '51",
        "author": 2,
        "grade": 7,
        "price": 1000,
        "amout": null
    },
    "model": "product.product",
    "pk": 77
},
{
    "fields": {
        "category": 1,
        "publisher": 1,
        "code": "7678017",
        "name": "Active Learner \u0e27\u0e34\u0e17\u0e22\u0e32\u0e28\u0e32\u0e2a\u0e15\u0e23\u0e4c  \u0e21.1 \u0e40\u0e25\u0e48\u0e21 2 \u0e2b\u0e25\u0e31\u0e01\u0e2a\u0e39\u0e15\u0e23\u0e41\u0e01\u0e19\u0e01\u0e25\u0e32\u0e07\u0e2f  '51",
        "author": 2,
        "grade": 7,
        "price": 1000,
        "amout": null
    },
    "model": "product.product",
    "pk": 78
},
{
    "fields": {
        "category": 1,
        "publisher": 1,
        "code": "7673034",
        "name": "Active Learner \u0e1b\u0e23\u0e30\u0e27\u0e31\u0e15\u0e34\u0e28\u0e32\u0e2a\u0e15\u0e23\u0e4c \u0e21.1 \u0e2b\u0e25\u0e31\u0e01\u0e2a\u0e39\u0e15\u0e23\u0e41\u0e01\u0e19\u0e01\u0e25\u0e32\u0e07\u0e2f  '51",
        "author": 2,
        "grade": 7,
        "price": 1000,
        "amout": null
    },
    "model": "product.product",
    "pk": 79
},
{
    "fields": {
        "category": 1,
        "publisher": 1,
        "code": "7673031",
        "name": "Active Learner \u0e1e\u0e23\u0e30\u0e1e\u0e38\u0e17\u0e18\u0e28\u0e32\u0e2a\u0e19\u0e32 \u0e21.1 \u0e2b\u0e25\u0e31\u0e01\u0e2a\u0e39\u0e15\u0e23\u0e41\u0e01\u0e19\u0e01\u0e25\u0e32\u0e07\u0e2f  '51",
        "author": 2,
        "grade": 7,
        "price": 1000,
        "amout": null
    },
    "model": "product.product",
    "pk": 80
},
{
    "fields": {
        "category": 1,
        "publisher": 1,
        "code": "7673028",
        "name": "Active Learner \u0e2b\u0e19\u0e49\u0e32\u0e17\u0e35\u0e48\u0e1e\u0e25\u0e40\u0e21\u0e37\u0e2d\u0e07 \u0e21.1 \u0e2b\u0e25\u0e31\u0e01\u0e2a\u0e39\u0e15\u0e23\u0e41\u0e01\u0e19\u0e01\u0e25\u0e32\u0e07\u0e2f  '50",
        "author": 2,
        "grade": 7,
        "price": 1000,
        "amout": null
    },
    "model": "product.product",
    "pk": 81
},
{
    "fields": {
        "category": 1,
        "publisher": 1,
        "code": "7673037",
        "name": "Active Learner \u0e20\u0e39\u0e21\u0e34\u0e28\u0e32\u0e2a\u0e15\u0e23\u0e4c \u0e21.1 \u0e2b\u0e25\u0e31\u0e01\u0e2a\u0e39\u0e15\u0e23\u0e41\u0e01\u0e19\u0e01\u0e25\u0e32\u0e07\u0e2f  '50",
        "author": 2,
        "grade": 7,
        "price": 1000,
        "amout": null
    },
    "model": "product.product",
    "pk": 82
},
{
    "fields": {
        "category": 1,
        "publisher": 1,
        "code": "7673040",
        "name": "Active Learner \u0e40\u0e28\u0e23\u0e29\u0e10\u0e28\u0e32\u0e2a\u0e15\u0e23\u0e4c \u0e21.1 \u0e2b\u0e25\u0e31\u0e01\u0e2a\u0e39\u0e15\u0e23\u0e41\u0e01\u0e19\u0e01\u0e25\u0e32\u0e07\u0e2f  '51",
        "author": 2,
        "grade": 7,
        "price": 1000,
        "amout": null
    },
    "model": "product.product",
    "pk": 83
},
{
    "fields": {
        "category": 1,
        "publisher": 1,
        "code": "7674004",
        "name": "Active Learner \u0e2a\u0e38\u0e02\u0e28\u0e36\u0e01\u0e29\u0e32  \u0e21.1 \u0e2b\u0e25\u0e31\u0e01\u0e2a\u0e39\u0e15\u0e23\u0e41\u0e01\u0e19\u0e01\u0e25\u0e32\u0e07\u0e2f  '51",
        "author": 2,
        "grade": 7,
        "price": 1000,
        "amout": null
    },
    "model": "product.product",
    "pk": 84
},
{
    "fields": {
        "category": 1,
        "publisher": 1,
        "code": "7675006",
        "name": "Active Learner \u0e17\u0e31\u0e28\u0e19\u0e28\u0e34\u0e25\u0e1b\u0e4c  \u0e21.1 \u0e2b\u0e25\u0e31\u0e01\u0e2a\u0e39\u0e15\u0e23\u0e41\u0e01\u0e19\u0e01\u0e25\u0e32\u0e07\u0e2f  '51",
        "author": 2,
        "grade": 7,
        "price": 1000,
        "amout": null
    },
    "model": "product.product",
    "pk": 85
},
{
    "fields": {
        "category": 1,
        "publisher": 1,
        "code": "7675009",
        "name": "Active Learner \u0e14\u0e19\u0e15\u0e23\u0e35-\u0e19\u0e32\u0e0f\u0e28\u0e34\u0e25\u0e1b\u0e4c  \u0e21.1 \u0e2b\u0e25\u0e31\u0e01\u0e2a\u0e39\u0e15\u0e23\u0e41\u0e01\u0e19\u0e01\u0e25\u0e32\u0e07\u0e2f  '51",
        "author": 2,
        "grade": 7,
        "price": 1000,
        "amout": null
    },
    "model": "product.product",
    "pk": 86
},
{
    "fields": {
        "category": 1,
        "publisher": 1,
        "code": "7677005",
        "name": "Active Learner \u0e01\u0e32\u0e23\u0e07\u0e32\u0e19\u0e2d\u0e32\u0e0a\u0e35\u0e1e\u0e41\u0e25\u0e30\u0e40\u0e17\u0e04\u0e42\u0e19\u0e42\u0e25\u0e22\u0e35  \u0e21.1 \u0e2b\u0e25\u0e31\u0e01\u0e2a\u0e39\u0e15\u0e23\u0e41\u0e01\u0e19\u0e01\u0e25\u0e32\u0e07\u0e2f  '51",
        "author": 2,
        "grade": 7,
        "price": 1000,
        "amout": null
    },
    "model": "product.product",
    "pk": 87
},
{
    "fields": {
        "category": 1,
        "publisher": 1,
        "code": "7677008",
        "name": "Active Learner \u0e40\u0e17\u0e04\u0e42\u0e19\u0e42\u0e25\u0e22\u0e35\u0e2a\u0e32\u0e23\u0e2a\u0e19\u0e40\u0e17\u0e28\u0e41\u0e25\u0e30\u0e01\u0e32\u0e23\u0e2a\u0e37\u0e48\u0e2d\u0e2a\u0e32\u0e23  \u0e21.1 \u0e2b\u0e25\u0e31\u0e01\u0e2a\u0e39\u0e15\u0e23\u0e41\u0e01\u0e19\u0e01\u0e25\u0e32\u0e07\u0e2f  '51",
        "author": 2,
        "grade": 7,
        "price": 1000,
        "amout": null
    },
    "model": "product.product",
    "pk": 88
},
{
    "fields": {
        "category": 1,
        "publisher": 1,
        "code": "7671007",
        "name": "Active Learner \u0e20\u0e32\u0e29\u0e32\u0e44\u0e17\u0e22 \u0e2b\u0e25\u0e31\u0e01\u0e20\u0e32\u0e29\u0e32\u0e41\u0e25\u0e30\u0e01\u0e32\u0e23\u0e43\u0e0a\u0e49\u0e20\u0e32\u0e29\u0e32 \u0e21.2 \u0e2b\u0e25\u0e31\u0e01\u0e2a\u0e39\u0e15\u0e23\u0e41\u0e01\u0e19\u0e01\u0e25\u0e32\u0e07\u0e2f  '51",
        "author": 2,
        "grade": 8,
        "price": 1000,
        "amout": null
    },
    "model": "product.product",
    "pk": 89
},
{
    "fields": {
        "category": 1,
        "publisher": 1,
        "code": "7671010",
        "name": "Active Learner \u0e20\u0e32\u0e29\u0e32\u0e44\u0e17\u0e22 \u0e27\u0e23\u0e23\u0e13\u0e01\u0e23\u0e23\u0e21\u0e41\u0e25\u0e30\u0e27\u0e23\u0e23\u0e13\u0e04\u0e14\u0e35 \u0e21.2 \u0e2b\u0e25\u0e31\u0e01\u0e2a\u0e39\u0e15\u0e23\u0e41\u0e01\u0e19\u0e01\u0e25\u0e32\u0e07\u0e2f  '51",
        "author": 2,
        "grade": 8,
        "price": 1000,
        "amout": null
    },
    "model": "product.product",
    "pk": 90
},
{
    "fields": {
        "category": 1,
        "publisher": 1,
        "code": "7676010",
        "name": "Active Learner \u0e04\u0e13\u0e34\u0e15\u0e28\u0e32\u0e2a\u0e15\u0e23\u0e4c  \u0e21.2 \u0e40\u0e25\u0e48\u0e21 1 \u0e2b\u0e25\u0e31\u0e01\u0e2a\u0e39\u0e15\u0e23\u0e41\u0e01\u0e19\u0e01\u0e25\u0e32\u0e07\u0e2f  '51",
        "author": 2,
        "grade": 8,
        "price": 1000,
        "amout": null
    },
    "model": "product.product",
    "pk": 91
},
{
    "fields": {
        "category": 1,
        "publisher": 1,
        "code": "7676011",
        "name": "Active Learner \u0e04\u0e13\u0e34\u0e15\u0e28\u0e32\u0e2a\u0e15\u0e23\u0e4c  \u0e21.2 \u0e40\u0e25\u0e48\u0e21 2 \u0e2b\u0e25\u0e31\u0e01\u0e2a\u0e39\u0e15\u0e23\u0e41\u0e01\u0e19\u0e01\u0e25\u0e32\u0e07\u0e2f  '51",
        "author": 2,
        "grade": 8,
        "price": 1000,
        "amout": null
    },
    "model": "product.product",
    "pk": 92
},
{
    "fields": {
        "category": 1,
        "publisher": 1,
        "code": "7678018",
        "name": "Active Learner \u0e27\u0e34\u0e17\u0e22\u0e32\u0e28\u0e32\u0e2a\u0e15\u0e23\u0e4c  \u0e21.2 \u0e40\u0e25\u0e48\u0e21 1 \u0e2b\u0e25\u0e31\u0e01\u0e2a\u0e39\u0e15\u0e23\u0e41\u0e01\u0e19\u0e01\u0e25\u0e32\u0e07\u0e2f  '51",
        "author": 2,
        "grade": 8,
        "price": 1000,
        "amout": null
    },
    "model": "product.product",
    "pk": 93
},
{
    "fields": {
        "category": 1,
        "publisher": 1,
        "code": "7678019",
        "name": "Active Learner \u0e27\u0e34\u0e17\u0e22\u0e32\u0e28\u0e32\u0e2a\u0e15\u0e23\u0e4c  \u0e21.2 \u0e40\u0e25\u0e48\u0e21 2 \u0e2b\u0e25\u0e31\u0e01\u0e2a\u0e39\u0e15\u0e23\u0e41\u0e01\u0e19\u0e01\u0e25\u0e32\u0e07\u0e2f  '51",
        "author": 2,
        "grade": 8,
        "price": 1000,
        "amout": null
    },
    "model": "product.product",
    "pk": 94
},
{
    "fields": {
        "category": 1,
        "publisher": 1,
        "code": "7673035",
        "name": "Active Learner \u0e1b\u0e23\u0e30\u0e27\u0e31\u0e15\u0e34\u0e28\u0e32\u0e2a\u0e15\u0e23\u0e4c \u0e21.2 \u0e2b\u0e25\u0e31\u0e01\u0e2a\u0e39\u0e15\u0e23\u0e41\u0e01\u0e19\u0e01\u0e25\u0e32\u0e07\u0e2f  '51",
        "author": 2,
        "grade": 8,
        "price": 1000,
        "amout": null
    },
    "model": "product.product",
    "pk": 95
},
{
    "fields": {
        "category": 1,
        "publisher": 1,
        "code": "7673032",
        "name": "Active Learner \u0e1e\u0e23\u0e30\u0e1e\u0e38\u0e17\u0e18\u0e28\u0e32\u0e2a\u0e19\u0e32 \u0e21.2 \u0e2b\u0e25\u0e31\u0e01\u0e2a\u0e39\u0e15\u0e23\u0e41\u0e01\u0e19\u0e01\u0e25\u0e32\u0e07\u0e2f  '51",
        "author": 2,
        "grade": 8,
        "price": 1000,
        "amout": null
    },
    "model": "product.product",
    "pk": 96
},
{
    "fields": {
        "category": 1,
        "publisher": 1,
        "code": "7673029",
        "name": "Active Learner \u0e2b\u0e19\u0e49\u0e32\u0e17\u0e35\u0e48\u0e1e\u0e25\u0e40\u0e21\u0e37\u0e2d\u0e07 \u0e21.2 \u0e2b\u0e25\u0e31\u0e01\u0e2a\u0e39\u0e15\u0e23\u0e41\u0e01\u0e19\u0e01\u0e25\u0e32\u0e07\u0e2f  '50",
        "author": 2,
        "grade": 8,
        "price": 1000,
        "amout": null
    },
    "model": "product.product",
    "pk": 97
},
{
    "fields": {
        "category": 1,
        "publisher": 1,
        "code": "7673038",
        "name": "Active Learner \u0e20\u0e39\u0e21\u0e34\u0e28\u0e32\u0e2a\u0e15\u0e23\u0e4c \u0e21.2 \u0e2b\u0e25\u0e31\u0e01\u0e2a\u0e39\u0e15\u0e23\u0e41\u0e01\u0e19\u0e01\u0e25\u0e32\u0e07\u0e2f  '50",
        "author": 2,
        "grade": 8,
        "price": 1000,
        "amout": null
    },
    "model": "product.product",
    "pk": 98
},
{
    "fields": {
        "category": 1,
        "publisher": 1,
        "code": "7673041",
        "name": "Active Learner \u0e40\u0e28\u0e23\u0e29\u0e10\u0e28\u0e32\u0e2a\u0e15\u0e23\u0e4c \u0e21.2 \u0e2b\u0e25\u0e31\u0e01\u0e2a\u0e39\u0e15\u0e23\u0e41\u0e01\u0e19\u0e01\u0e25\u0e32\u0e07\u0e2f  '51",
        "author": 2,
        "grade": 8,
        "price": 1000,
        "amout": null
    },
    "model": "product.product",
    "pk": 99
},
{
    "fields": {
        "category": 1,
        "publisher": 1,
        "code": "7674005",
        "name": "Active Learner \u0e2a\u0e38\u0e02\u0e28\u0e36\u0e01\u0e29\u0e32  \u0e21.2 \u0e2b\u0e25\u0e31\u0e01\u0e2a\u0e39\u0e15\u0e23\u0e41\u0e01\u0e19\u0e01\u0e25\u0e32\u0e07\u0e2f  '51",
        "author": 2,
        "grade": 8,
        "price": 1000,
        "amout": null
    },
    "model": "product.product",
    "pk": 100
},
{
    "fields": {
        "category": 1,
        "publisher": 1,
        "code": "7675007",
        "name": "Active Learner \u0e17\u0e31\u0e28\u0e19\u0e28\u0e34\u0e25\u0e1b\u0e4c  \u0e21.2 \u0e2b\u0e25\u0e31\u0e01\u0e2a\u0e39\u0e15\u0e23\u0e41\u0e01\u0e19\u0e01\u0e25\u0e32\u0e07\u0e2f  '51",
        "author": 2,
        "grade": 8,
        "price": 1000,
        "amout": null
    },
    "model": "product.product",
    "pk": 101
},
{
    "fields": {
        "category": 1,
        "publisher": 1,
        "code": "7675010",
        "name": "Active Learner \u0e14\u0e19\u0e15\u0e23\u0e35-\u0e19\u0e32\u0e0f\u0e28\u0e34\u0e25\u0e1b\u0e4c  \u0e21.2 \u0e2b\u0e25\u0e31\u0e01\u0e2a\u0e39\u0e15\u0e23\u0e41\u0e01\u0e19\u0e01\u0e25\u0e32\u0e07\u0e2f  '51",
        "author": 2,
        "grade": 8,
        "price": 1000,
        "amout": null
    },
    "model": "product.product",
    "pk": 102
},
{
    "fields": {
        "category": 1,
        "publisher": 1,
        "code": "7677006",
        "name": "Active Learner \u0e01\u0e32\u0e23\u0e07\u0e32\u0e19\u0e2d\u0e32\u0e0a\u0e35\u0e1e\u0e41\u0e25\u0e30\u0e40\u0e17\u0e04\u0e42\u0e19\u0e42\u0e25\u0e22\u0e35  \u0e21.2 \u0e2b\u0e25\u0e31\u0e01\u0e2a\u0e39\u0e15\u0e23\u0e41\u0e01\u0e19\u0e01\u0e25\u0e32\u0e07\u0e2f '51",
        "author": 2,
        "grade": 8,
        "price": 1000,
        "amout": null
    },
    "model": "product.product",
    "pk": 103
},
{
    "fields": {
        "category": 1,
        "publisher": 1,
        "code": "7677009",
        "name": "Active Learner \u0e40\u0e17\u0e04\u0e42\u0e19\u0e42\u0e25\u0e22\u0e35\u0e2a\u0e32\u0e23\u0e2a\u0e19\u0e40\u0e17\u0e28\u0e41\u0e25\u0e30\u0e01\u0e32\u0e23\u0e2a\u0e37\u0e48\u0e2d\u0e2a\u0e32\u0e23  \u0e21.2 \u0e2b\u0e25\u0e31\u0e01\u0e2a\u0e39\u0e15\u0e23\u0e41\u0e01\u0e19\u0e01\u0e25\u0e32\u0e07\u0e2f '51",
        "author": 2,
        "grade": 8,
        "price": 1000,
        "amout": null
    },
    "model": "product.product",
    "pk": 104
},
{
    "fields": {
        "category": 1,
        "publisher": 1,
        "code": "7671008",
        "name": "Active Learner \u0e20\u0e32\u0e29\u0e32\u0e44\u0e17\u0e22 \u0e2b\u0e25\u0e31\u0e01\u0e20\u0e32\u0e29\u0e32\u0e41\u0e25\u0e30\u0e01\u0e32\u0e23\u0e43\u0e0a\u0e49\u0e20\u0e32\u0e29\u0e32 \u0e21.3 \u0e2b\u0e25\u0e31\u0e01\u0e2a\u0e39\u0e15\u0e23\u0e41\u0e01\u0e19\u0e01\u0e25\u0e32\u0e07\u0e2f '51",
        "author": 2,
        "grade": 9,
        "price": 1000,
        "amout": null
    },
    "model": "product.product",
    "pk": 105
},
{
    "fields": {
        "category": 1,
        "publisher": 1,
        "code": "7671011",
        "name": "Active Learner \u0e20\u0e32\u0e29\u0e32\u0e44\u0e17\u0e22 \u0e27\u0e23\u0e23\u0e13\u0e01\u0e23\u0e23\u0e21\u0e41\u0e25\u0e30\u0e27\u0e23\u0e23\u0e13\u0e04\u0e14\u0e35 \u0e21.3 \u0e2b\u0e25\u0e31\u0e01\u0e2a\u0e39\u0e15\u0e23\u0e41\u0e01\u0e19\u0e01\u0e25\u0e32\u0e07\u0e2f '51",
        "author": 2,
        "grade": 9,
        "price": 1000,
        "amout": null
    },
    "model": "product.product",
    "pk": 106
},
{
    "fields": {
        "category": 1,
        "publisher": 1,
        "code": "7676012",
        "name": "Active Learner \u0e04\u0e13\u0e34\u0e15\u0e28\u0e32\u0e2a\u0e15\u0e23\u0e4c  \u0e21.3 \u0e40\u0e25\u0e48\u0e21 1 \u0e2b\u0e25\u0e31\u0e01\u0e2a\u0e39\u0e15\u0e23\u0e41\u0e01\u0e19\u0e01\u0e25\u0e32\u0e07\u0e2f  '51",
        "author": 2,
        "grade": 9,
        "price": 1000,
        "amout": null
    },
    "model": "product.product",
    "pk": 107
},
{
    "fields": {
        "category": 1,
        "publisher": 1,
        "code": "7676013",
        "name": "Active Learner \u0e04\u0e13\u0e34\u0e15\u0e28\u0e32\u0e2a\u0e15\u0e23\u0e4c  \u0e21.3 \u0e40\u0e25\u0e48\u0e21 2 \u0e2b\u0e25\u0e31\u0e01\u0e2a\u0e39\u0e15\u0e23\u0e41\u0e01\u0e19\u0e01\u0e25\u0e32\u0e07\u0e2f  '51",
        "author": 2,
        "grade": 9,
        "price": 1000,
        "amout": null
    },
    "model": "product.product",
    "pk": 108
},
{
    "fields": {
        "category": 1,
        "publisher": 1,
        "code": "7678020",
        "name": "Active Learner \u0e27\u0e34\u0e17\u0e22\u0e32\u0e28\u0e32\u0e2a\u0e15\u0e23\u0e4c  \u0e21.3 \u0e40\u0e25\u0e48\u0e21 1 \u0e2b\u0e25\u0e31\u0e01\u0e2a\u0e39\u0e15\u0e23\u0e41\u0e01\u0e19\u0e01\u0e25\u0e32\u0e07\u0e2f  '51",
        "author": 2,
        "grade": 9,
        "price": 1000,
        "amout": null
    },
    "model": "product.product",
    "pk": 109
},
{
    "fields": {
        "category": 1,
        "publisher": 1,
        "code": "7678021",
        "name": "Active Learner \u0e27\u0e34\u0e17\u0e22\u0e32\u0e28\u0e32\u0e2a\u0e15\u0e23\u0e4c  \u0e21.3 \u0e40\u0e25\u0e48\u0e21 2 \u0e2b\u0e25\u0e31\u0e01\u0e2a\u0e39\u0e15\u0e23\u0e41\u0e01\u0e19\u0e01\u0e25\u0e32\u0e07\u0e2f  '51",
        "author": 2,
        "grade": 9,
        "price": 1000,
        "amout": null
    },
    "model": "product.product",
    "pk": 110
},
{
    "fields": {
        "category": 1,
        "publisher": 1,
        "code": "7673036",
        "name": "Active Learner \u0e1b\u0e23\u0e30\u0e27\u0e31\u0e15\u0e34\u0e28\u0e32\u0e2a\u0e15\u0e23\u0e4c \u0e21.3 \u0e2b\u0e25\u0e31\u0e01\u0e2a\u0e39\u0e15\u0e23\u0e41\u0e01\u0e19\u0e01\u0e25\u0e32\u0e07\u0e2f  '51",
        "author": 2,
        "grade": 9,
        "price": 1000,
        "amout": null
    },
    "model": "product.product",
    "pk": 111
},
{
    "fields": {
        "category": 1,
        "publisher": 1,
        "code": "7673033",
        "name": "Active Learner \u0e1e\u0e23\u0e30\u0e1e\u0e38\u0e17\u0e18\u0e28\u0e32\u0e2a\u0e19\u0e32 \u0e21.3 \u0e2b\u0e25\u0e31\u0e01\u0e2a\u0e39\u0e15\u0e23\u0e41\u0e01\u0e19\u0e01\u0e25\u0e32\u0e07\u0e2f  '51",
        "author": 2,
        "grade": 9,
        "price": 1000,
        "amout": null
    },
    "model": "product.product",
    "pk": 112
},
{
    "fields": {
        "category": 1,
        "publisher": 1,
        "code": "7673030",
        "name": "Active Learner \u0e2b\u0e19\u0e49\u0e32\u0e17\u0e35\u0e48\u0e1e\u0e25\u0e40\u0e21\u0e37\u0e2d\u0e07 \u0e21.3 \u0e2b\u0e25\u0e31\u0e01\u0e2a\u0e39\u0e15\u0e23\u0e41\u0e01\u0e19\u0e01\u0e25\u0e32\u0e07\u0e2f  '50",
        "author": 2,
        "grade": 9,
        "price": 1000,
        "amout": null
    },
    "model": "product.product",
    "pk": 113
},
{
    "fields": {
        "category": 1,
        "publisher": 1,
        "code": "7673039",
        "name": "Active Learner \u0e20\u0e39\u0e21\u0e34\u0e28\u0e32\u0e2a\u0e15\u0e23\u0e4c \u0e21.3 \u0e2b\u0e25\u0e31\u0e01\u0e2a\u0e39\u0e15\u0e23\u0e41\u0e01\u0e19\u0e01\u0e25\u0e32\u0e07\u0e2f  '50",
        "author": 2,
        "grade": 9,
        "price": 1000,
        "amout": null
    },
    "model": "product.product",
    "pk": 114
},
{
    "fields": {
        "category": 1,
        "publisher": 1,
        "code": "7673042",
        "name": "Active Learner \u0e40\u0e28\u0e23\u0e29\u0e10\u0e28\u0e32\u0e2a\u0e15\u0e23\u0e4c \u0e21.3 \u0e2b\u0e25\u0e31\u0e01\u0e2a\u0e39\u0e15\u0e23\u0e41\u0e01\u0e19\u0e01\u0e25\u0e32\u0e07\u0e2f  '51",
        "author": 2,
        "grade": 9,
        "price": 1000,
        "amout": null
    },
    "model": "product.product",
    "pk": 115
},
{
    "fields": {
        "category": 1,
        "publisher": 1,
        "code": "7674006",
        "name": "Active Learner \u0e2a\u0e38\u0e02\u0e28\u0e36\u0e01\u0e29\u0e32  \u0e21.3 \u0e2b\u0e25\u0e31\u0e01\u0e2a\u0e39\u0e15\u0e23\u0e41\u0e01\u0e19\u0e01\u0e25\u0e32\u0e07\u0e2f  '51",
        "author": 2,
        "grade": 9,
        "price": 1000,
        "amout": null
    },
    "model": "product.product",
    "pk": 116
},
{
    "fields": {
        "category": 1,
        "publisher": 1,
        "code": "7675008",
        "name": "Active Learner \u0e17\u0e31\u0e28\u0e19\u0e28\u0e34\u0e25\u0e1b\u0e4c  \u0e21.3 \u0e2b\u0e25\u0e31\u0e01\u0e2a\u0e39\u0e15\u0e23\u0e41\u0e01\u0e19\u0e01\u0e25\u0e32\u0e07\u0e2f  '51",
        "author": 2,
        "grade": 9,
        "price": 1000,
        "amout": null
    },
    "model": "product.product",
    "pk": 117
},
{
    "fields": {
        "category": 1,
        "publisher": 1,
        "code": "7675011",
        "name": "Active Learner \u0e14\u0e19\u0e15\u0e23\u0e35-\u0e19\u0e32\u0e0f\u0e28\u0e34\u0e25\u0e1b\u0e4c  \u0e21.3 \u0e2b\u0e25\u0e31\u0e01\u0e2a\u0e39\u0e15\u0e23\u0e41\u0e01\u0e19\u0e01\u0e25\u0e32\u0e07\u0e2f  '51",
        "author": 2,
        "grade": 9,
        "price": 1000,
        "amout": null
    },
    "model": "product.product",
    "pk": 118
},
{
    "fields": {
        "category": 1,
        "publisher": 1,
        "code": "7677007",
        "name": "Active Learner \u0e01\u0e32\u0e23\u0e07\u0e32\u0e19\u0e2d\u0e32\u0e0a\u0e35\u0e1e\u0e41\u0e25\u0e30\u0e40\u0e17\u0e04\u0e42\u0e19\u0e42\u0e25\u0e22\u0e35  \u0e21.3 \u0e2b\u0e25\u0e31\u0e01\u0e2a\u0e39\u0e15\u0e23\u0e41\u0e01\u0e19\u0e01\u0e25\u0e32\u0e07\u0e2f '51",
        "author": 2,
        "grade": 9,
        "price": 1000,
        "amout": null
    },
    "model": "product.product",
    "pk": 119
},
{
    "fields": {
        "category": 1,
        "publisher": 1,
        "code": "7677010",
        "name": "Active Learner \u0e40\u0e17\u0e04\u0e42\u0e19\u0e42\u0e25\u0e22\u0e35\u0e2a\u0e32\u0e23\u0e2a\u0e19\u0e40\u0e17\u0e28\u0e41\u0e25\u0e30\u0e01\u0e32\u0e23\u0e2a\u0e37\u0e48\u0e2d\u0e2a\u0e32\u0e23  \u0e21.3 \u0e2b\u0e25\u0e31\u0e01\u0e2a\u0e39\u0e15\u0e23\u0e41\u0e01\u0e19\u0e01\u0e25\u0e32\u0e07\u0e2f '51",
        "author": 2,
        "grade": 9,
        "price": 1000,
        "amout": null
    },
    "model": "product.product",
    "pk": 120
},
{
    "fields": {
        "category": 3,
        "publisher": 1,
        "code": "7476023",
        "name": "\u0e01\u0e32\u0e23\u0e40\u0e23\u0e35\u0e22\u0e07\u0e25\u0e33\u0e14\u0e31\u0e1a\u0e17\u0e28\u0e19\u0e34\u0e22\u0e21",
        "author": 1,
        "grade": 4,
        "price": 1000,
        "amout": null
    },
    "model": "product.product",
    "pk": 121
},
{
    "fields": {
        "category": 3,
        "publisher": 1,
        "code": "7476024",
        "name": "\u0e40\u0e28\u0e29\u0e2a\u0e48\u0e27\u0e19\u0e41\u0e25\u0e30\u0e01\u0e32\u0e23\u0e40\u0e23\u0e35\u0e22\u0e07\u0e25\u0e33\u0e14\u0e31\u0e1a\u0e40\u0e28\u0e29\u0e2a\u0e48\u0e27\u0e19",
        "author": 1,
        "grade": 4,
        "price": 1000,
        "amout": null
    },
    "model": "product.product",
    "pk": 122
},
{
    "fields": {
        "category": 3,
        "publisher": 1,
        "code": "7476028",
        "name": "\u0e2a\u0e21\u0e1a\u0e31\u0e15\u0e34\u0e02\u0e2d\u0e07\u0e23\u0e39\u0e1b\u0e40\u0e23\u0e02\u0e32\u0e04\u0e13\u0e34\u0e15",
        "author": 1,
        "grade": 4,
        "price": 1000,
        "amout": null
    },
    "model": "product.product",
    "pk": 123
},
{
    "fields": {
        "category": 3,
        "publisher": 1,
        "code": "7476030",
        "name": "\u0e01\u0e32\u0e23\u0e27\u0e31\u0e14\u0e04\u0e27\u0e32\u0e21\u0e22\u0e32\u0e27",
        "author": 1,
        "grade": 4,
        "price": 1000,
        "amout": null
    },
    "model": "product.product",
    "pk": 124
},
{
    "fields": {
        "category": 3,
        "publisher": 1,
        "code": "7476034",
        "name": "\u0e01\u0e32\u0e23\u0e41\u0e01\u0e49\u0e42\u0e08\u0e17\u0e22\u0e4c\u0e1b\u0e31\u0e0d\u0e2b\u0e32",
        "author": 1,
        "grade": 4,
        "price": 1000,
        "amout": null
    },
    "model": "product.product",
    "pk": 125
},
{
    "fields": {
        "category": 3,
        "publisher": 1,
        "code": "7476038",
        "name": "\u0e01\u0e32\u0e23\u0e40\u0e1b\u0e25\u0e35\u0e48\u0e22\u0e19\u0e2b\u0e19\u0e48\u0e27\u0e22",
        "author": 1,
        "grade": 4,
        "price": 1000,
        "amout": null
    },
    "model": "product.product",
    "pk": 126
},
{
    "fields": {
        "category": 3,
        "publisher": 1,
        "code": "7478020",
        "name": "\u0e01\u0e32\u0e23\u0e2a\u0e31\u0e07\u0e40\u0e04\u0e23\u0e32\u0e30\u0e2b\u0e4c\u0e14\u0e49\u0e27\u0e22\u0e41\u0e2a\u0e07\u0e02\u0e2d\u0e07\u0e1e\u0e37\u0e0a",
        "author": 1,
        "grade": 4,
        "price": 1000,
        "amout": null
    },
    "model": "product.product",
    "pk": 127
},
{
    "fields": {
        "category": 3,
        "publisher": 1,
        "code": "7478023",
        "name": "\u0e01\u0e32\u0e23\u0e07\u0e2d\u0e01\u0e02\u0e2d\u0e07\u0e40\u0e21\u0e25\u0e47\u0e14\u0e41\u0e25\u0e30\u0e01\u0e32\u0e23\u0e40\u0e08\u0e23\u0e34\u0e0d\u0e40\u0e15\u0e34\u0e1a\u0e42\u0e15\u0e02\u0e2d\u0e07\u0e1e\u0e37\u0e0a",
        "author": 1,
        "grade": 4,
        "price": 1000,
        "amout": null
    },
    "model": "product.product",
    "pk": 128
},
{
    "fields": {
        "category": 3,
        "publisher": 1,
        "code": "7478025",
        "name": "\u0e01\u0e32\u0e23\u0e2a\u0e30\u0e17\u0e49\u0e2d\u0e19\u0e02\u0e2d\u0e07\u0e41\u0e2a\u0e07",
        "author": 1,
        "grade": 4,
        "price": 1000,
        "amout": null
    },
    "model": "product.product",
    "pk": 129
},
{
    "fields": {
        "category": 3,
        "publisher": 1,
        "code": "7478026",
        "name": "\u0e01\u0e32\u0e23\u0e2b\u0e31\u0e01\u0e40\u0e2b\u0e02\u0e2d\u0e07\u0e41\u0e2a\u0e07",
        "author": 1,
        "grade": 4,
        "price": 1000,
        "amout": null
    },
    "model": "product.product",
    "pk": 130
},
{
    "fields": {
        "category": 3,
        "publisher": 1,
        "code": "7478029",
        "name": "\u0e23\u0e30\u0e1a\u0e1a\u0e2a\u0e38\u0e23\u0e34\u0e22\u0e30",
        "author": 1,
        "grade": 4,
        "price": 1000,
        "amout": null
    },
    "model": "product.product",
    "pk": 131
},
{
    "fields": {
        "category": 3,
        "publisher": 1,
        "code": "7478031",
        "name": "\u0e14\u0e32\u0e27\u0e40\u0e17\u0e35\u0e22\u0e21 \u0e14\u0e27\u0e07\u0e08\u0e31\u0e19\u0e17\u0e23\u0e4c\u0e41\u0e25\u0e30\u0e14\u0e32\u0e27\u0e1a\u0e23\u0e34\u0e27\u0e32\u0e23",
        "author": 1,
        "grade": 4,
        "price": 1000,
        "amout": null
    },
    "model": "product.product",
    "pk": 132
},
{
    "fields": {
        "category": 3,
        "publisher": 1,
        "code": "7476039",
        "name": "\u0e01\u0e32\u0e23\u0e40\u0e1b\u0e25\u0e35\u0e48\u0e22\u0e19\u0e40\u0e28\u0e29\u0e2a\u0e48\u0e27\u0e19\u0e43\u0e2b\u0e49\u0e2d\u0e22\u0e39\u0e48\u0e43\u0e19\u0e23\u0e39\u0e1b\u0e17\u0e28\u0e19\u0e34\u0e22\u0e21\u0e41\u0e25\u0e30\u0e40\u0e1b\u0e2d\u0e23\u0e4c\u0e40\u0e0b\u0e47\u0e19\u0e15\u0e4c",
        "author": 1,
        "grade": 5,
        "price": 1000,
        "amout": null
    },
    "model": "product.product",
    "pk": 133
},
{
    "fields": {
        "category": 3,
        "publisher": 1,
        "code": "7476045",
        "name": "\u0e01\u0e32\u0e23\u0e27\u0e31\u0e14\u0e04\u0e27\u0e32\u0e21\u0e19\u0e48\u0e32\u0e08\u0e30\u0e40\u0e1b\u0e47\u0e19",
        "author": 1,
        "grade": 5,
        "price": 1000,
        "amout": null
    },
    "model": "product.product",
    "pk": 134
},
{
    "fields": {
        "category": 3,
        "publisher": 1,
        "code": "7476047",
        "name": "\u0e23\u0e49\u0e2d\u0e22\u0e25\u0e30\u0e41\u0e25\u0e30\u0e40\u0e1b\u0e2d\u0e23\u0e4c\u0e40\u0e0b\u0e47\u0e19\u0e15\u0e4c",
        "author": 1,
        "grade": 5,
        "price": 1000,
        "amout": null
    },
    "model": "product.product",
    "pk": 135
},
{
    "fields": {
        "category": 3,
        "publisher": 1,
        "code": "7476048",
        "name": "\u0e21\u0e38\u0e21\u0e20\u0e32\u0e22\u0e43\u0e19\u0e23\u0e39\u0e1b\u0e2a\u0e32\u0e21\u0e40\u0e2b\u0e25\u0e35\u0e48\u0e22\u0e21\u0e41\u0e25\u0e30\u0e23\u0e39\u0e1b\u0e2a\u0e35\u0e48\u0e40\u0e2b\u0e25\u0e35\u0e48\u0e22\u0e21",
        "author": 1,
        "grade": 5,
        "price": 1000,
        "amout": null
    },
    "model": "product.product",
    "pk": 136
},
{
    "fields": {
        "category": 3,
        "publisher": 1,
        "code": "7476053",
        "name": "\u0e1e\u0e37\u0e49\u0e19\u0e17\u0e35\u0e48\u0e02\u0e2d\u0e07\u0e23\u0e39\u0e1b\u0e2b\u0e25\u0e32\u0e22\u0e40\u0e2b\u0e25\u0e35\u0e48\u0e22\u0e21",
        "author": 1,
        "grade": 5,
        "price": 1000,
        "amout": null
    },
    "model": "product.product",
    "pk": 137
},
{
    "fields": {
        "category": 3,
        "publisher": 1,
        "code": "7476054",
        "name": "\u0e23\u0e49\u0e2d\u0e22\u0e25\u0e30",
        "author": 1,
        "grade": 5,
        "price": 1000,
        "amout": null
    },
    "model": "product.product",
    "pk": 138
},
{
    "fields": {
        "category": 3,
        "publisher": 1,
        "code": "7478034",
        "name": "\u0e42\u0e04\u0e23\u0e07\u0e2a\u0e23\u0e49\u0e32\u0e07\u0e02\u0e2d\u0e07\u0e1e\u0e37\u0e0a\u0e14\u0e2d\u0e01",
        "author": 1,
        "grade": 5,
        "price": 1000,
        "amout": null
    },
    "model": "product.product",
    "pk": 139
},
{
    "fields": {
        "category": 3,
        "publisher": 1,
        "code": "7478039",
        "name": "\u0e01\u0e32\u0e23\u0e40\u0e1b\u0e25\u0e35\u0e48\u0e22\u0e19\u0e41\u0e1b\u0e25\u0e07\u0e17\u0e32\u0e07\u0e01\u0e32\u0e22\u0e20\u0e32\u0e1e\u0e02\u0e2d\u0e07\u0e27\u0e31\u0e2a\u0e14\u0e38",
        "author": 1,
        "grade": 5,
        "price": 1000,
        "amout": null
    },
    "model": "product.product",
    "pk": 140
},
{
    "fields": {
        "category": 3,
        "publisher": 1,
        "code": "7478045",
        "name": "\u0e04\u0e27\u0e32\u0e21\u0e14\u0e31\u0e19\u0e2d\u0e32\u0e01\u0e32\u0e28",
        "author": 1,
        "grade": 5,
        "price": 1000,
        "amout": null
    },
    "model": "product.product",
    "pk": 141
},
{
    "fields": {
        "category": 3,
        "publisher": 1,
        "code": "7478046",
        "name": "\u0e41\u0e23\u0e07\u0e40\u0e2a\u0e35\u0e22\u0e14\u0e17\u0e32\u0e19",
        "author": 1,
        "grade": 5,
        "price": 1000,
        "amout": null
    },
    "model": "product.product",
    "pk": 142
},
{
    "fields": {
        "category": 3,
        "publisher": 1,
        "code": "7478047",
        "name": "\u0e40\u0e2a\u0e35\u0e22\u0e07",
        "author": 1,
        "grade": 5,
        "price": 1000,
        "amout": null
    },
    "model": "product.product",
    "pk": 143
},
{
    "fields": {
        "category": 3,
        "publisher": 1,
        "code": "7478049",
        "name": "\u0e01\u0e32\u0e23\u0e44\u0e14\u0e49\u0e22\u0e34\u0e19",
        "author": 1,
        "grade": 5,
        "price": 1000,
        "amout": null
    },
    "model": "product.product",
    "pk": 144
},
{
    "fields": {
        "category": 3,
        "publisher": 1,
        "code": "7476055",
        "name": "\u0e15\u0e31\u0e27\u0e1b\u0e23\u0e30\u0e01\u0e2d\u0e1a\u0e41\u0e25\u0e30\u0e01\u0e32\u0e23\u0e41\u0e22\u0e01\u0e15\u0e31\u0e27\u0e1b\u0e23\u0e30\u0e01\u0e2d\u0e1a",
        "author": 1,
        "grade": 6,
        "price": 1000,
        "amout": null
    },
    "model": "product.product",
    "pk": 145
},
{
    "fields": {
        "category": 3,
        "publisher": 1,
        "code": "7476057",
        "name": "\u0e2a\u0e21\u0e01\u0e32\u0e23\u0e40\u0e0a\u0e34\u0e07\u0e40\u0e2a\u0e49\u0e19\u0e15\u0e31\u0e27\u0e41\u0e1b\u0e23\u0e40\u0e14\u0e35\u0e22\u0e27",
        "author": 1,
        "grade": 6,
        "price": 1000,
        "amout": null
    },
    "model": "product.product",
    "pk": 146
},
{
    "fields": {
        "category": 3,
        "publisher": 1,
        "code": "7476063",
        "name": "\u0e1e\u0e2b\u0e38\u0e04\u0e39\u0e13 \u0e15\u0e31\u0e27\u0e1b\u0e23\u0e30\u0e01\u0e2d\u0e1a \u0e41\u0e25\u0e30\u0e40\u0e25\u0e02\u0e22\u0e01\u0e01\u0e33\u0e25\u0e31\u0e07",
        "author": 1,
        "grade": 6,
        "price": 1000,
        "amout": null
    },
    "model": "product.product",
    "pk": 147
},
{
    "fields": {
        "category": 3,
        "publisher": 1,
        "code": "7476064",
        "name": "\u0e01\u0e32\u0e23\u0e1a\u0e27\u0e01\u0e41\u0e25\u0e30\u0e01\u0e32\u0e23\u0e25\u0e1a\u0e40\u0e28\u0e29\u0e2a\u0e48\u0e27\u0e19",
        "author": 1,
        "grade": 6,
        "price": 1000,
        "amout": null
    },
    "model": "product.product",
    "pk": 148
},
{
    "fields": {
        "category": 3,
        "publisher": 1,
        "code": "7476065",
        "name": "\u0e01\u0e32\u0e23\u0e04\u0e39\u0e13\u0e41\u0e25\u0e30\u0e01\u0e32\u0e23\u0e2b\u0e32\u0e23\u0e08\u0e33\u0e19\u0e27\u0e19\u0e40\u0e15\u0e47\u0e21\u0e14\u0e49\u0e27\u0e22\u0e40\u0e28\u0e29\u0e2a\u0e48\u0e27\u0e19",
        "author": 1,
        "grade": 6,
        "price": 1000,
        "amout": null
    },
    "model": "product.product",
    "pk": 149
},
{
    "fields": {
        "category": 3,
        "publisher": 1,
        "code": "7476069",
        "name": "\u0e08\u0e33\u0e19\u0e27\u0e19",
        "author": 1,
        "grade": 6,
        "price": 1000,
        "amout": null
    },
    "model": "product.product",
    "pk": 150
},
{
    "fields": {
        "category": 3,
        "publisher": 1,
        "code": "7478050",
        "name": "\u0e42\u0e20\u0e0a\u0e19\u0e32\u0e01\u0e32\u0e23: \u0e2a\u0e21\u0e14\u0e38\u0e25\u0e2d\u0e32\u0e2b\u0e32\u0e23",
        "author": 1,
        "grade": 6,
        "price": 1000,
        "amout": null
    },
    "model": "product.product",
    "pk": 151
},
{
    "fields": {
        "category": 3,
        "publisher": 1,
        "code": "7478052",
        "name": "\u0e01\u0e32\u0e23\u0e22\u0e48\u0e2d\u0e22\u0e2d\u0e32\u0e2b\u0e32\u0e23",
        "author": 1,
        "grade": 6,
        "price": 1000,
        "amout": null
    },
    "model": "product.product",
    "pk": 152
},
{
    "fields": {
        "category": 3,
        "publisher": 1,
        "code": "7478060",
        "name": "\u0e02\u0e2d\u0e07\u0e41\u0e02\u0e47\u0e07 \u0e02\u0e2d\u0e07\u0e40\u0e2b\u0e25\u0e27\u0e41\u0e25\u0e30\u0e41\u0e01\u0e4a\u0e2a",
        "author": 1,
        "grade": 6,
        "price": 1000,
        "amout": null
    },
    "model": "product.product",
    "pk": 153
},
{
    "fields": {
        "category": 3,
        "publisher": 1,
        "code": "7478061",
        "name": "\u0e01\u0e32\u0e23\u0e41\u0e22\u0e01\u0e2a\u0e32\u0e23\u0e1c\u0e2a\u0e21",
        "author": 1,
        "grade": 6,
        "price": 1000,
        "amout": null
    },
    "model": "product.product",
    "pk": 154
},
{
    "fields": {
        "category": 3,
        "publisher": 1,
        "code": "7478063",
        "name": "\u0e27\u0e07\u0e08\u0e23\u0e44\u0e1f\u0e1f\u0e49\u0e32",
        "author": 1,
        "grade": 6,
        "price": 1000,
        "amout": null
    },
    "model": "product.product",
    "pk": 155
},
{
    "fields": {
        "category": 3,
        "publisher": 1,
        "code": "7478064",
        "name": "\u0e27\u0e07\u0e08\u0e23\u0e2d\u0e19\u0e38\u0e01\u0e23\u0e21\u0e41\u0e25\u0e30\u0e02\u0e19\u0e32\u0e19",
        "author": 1,
        "grade": 6,
        "price": 1000,
        "amout": null
    },
    "model": "product.product",
    "pk": 156
},
{
    "fields": {
        "category": 3,
        "publisher": 1,
        "code": "7676014",
        "name": "\u0e08\u0e33\u0e19\u0e27\u0e19\u0e40\u0e15\u0e47\u0e21",
        "author": 1,
        "grade": 7,
        "price": 1000,
        "amout": null
    },
    "model": "product.product",
    "pk": 157
},
{
    "fields": {
        "category": 3,
        "publisher": 1,
        "code": "7676017",
        "name": "\u0e40\u0e28\u0e29\u0e2a\u0e48\u0e27\u0e19",
        "author": 1,
        "grade": 7,
        "price": 1000,
        "amout": null
    },
    "model": "product.product",
    "pk": 158
},
{
    "fields": {
        "category": 3,
        "publisher": 1,
        "code": "7676021",
        "name": "\u0e01\u0e32\u0e23\u0e40\u0e17\u0e48\u0e32\u0e01\u0e31\u0e19\u0e17\u0e38\u0e01\u0e1b\u0e23\u0e30\u0e01\u0e32\u0e23\u0e02\u0e2d\u0e07\u0e23\u0e39\u0e1b\u0e2a\u0e32\u0e21\u0e40\u0e2b\u0e25\u0e35\u0e48\u0e22\u0e21",
        "author": 1,
        "grade": 7,
        "price": 1000,
        "amout": null
    },
    "model": "product.product",
    "pk": 159
},
{
    "fields": {
        "category": 3,
        "publisher": 1,
        "code": "7676022",
        "name": "\u0e23\u0e39\u0e1b\u0e2a\u0e35\u0e48\u0e40\u0e2b\u0e25\u0e35\u0e48\u0e22\u0e21\u0e41\u0e25\u0e30\u0e2a\u0e21\u0e1a\u0e31\u0e15\u0e34\u0e02\u0e2d\u0e07\u0e23\u0e39\u0e1b\u0e2a\u0e35\u0e48\u0e40\u0e2b\u0e25\u0e35\u0e48\u0e22\u0e21",
        "author": 1,
        "grade": 7,
        "price": 1000,
        "amout": null
    },
    "model": "product.product",
    "pk": 160
},
{
    "fields": {
        "category": 3,
        "publisher": 1,
        "code": "7676023",
        "name": "\u0e23\u0e39\u0e1b\u0e2b\u0e25\u0e32\u0e22\u0e40\u0e2b\u0e25\u0e35\u0e48\u0e22\u0e21\u0e41\u0e25\u0e30\u0e23\u0e39\u0e1b\u0e2b\u0e25\u0e32\u0e22\u0e40\u0e2b\u0e25\u0e35\u0e48\u0e22\u0e21\u0e1b\u0e01\u0e15\u0e34",
        "author": 1,
        "grade": 7,
        "price": 1000,
        "amout": null
    },
    "model": "product.product",
    "pk": 161
},
{
    "fields": {
        "category": 3,
        "publisher": 1,
        "code": "7676029",
        "name": "\u0e2a\u0e21\u0e01\u0e32\u0e23\u0e40\u0e0a\u0e34\u0e07\u0e40\u0e2a\u0e49\u0e19 \u0e01\u0e32\u0e23\u0e41\u0e01\u0e49\u0e2a\u0e21\u0e01\u0e32\u0e23\u0e40\u0e0a\u0e34\u0e07\u0e40\u0e2a\u0e49\u0e19",
        "author": 1,
        "grade": 7,
        "price": 1000,
        "amout": null
    },
    "model": "product.product",
    "pk": 162
},
{
    "fields": {
        "category": 3,
        "publisher": 1,
        "code": "7678028",
        "name": "\u0e01\u0e32\u0e23\u0e16\u0e48\u0e32\u0e22\u0e42\u0e2d\u0e19\u0e1e\u0e25\u0e31\u0e07\u0e07\u0e32\u0e19",
        "author": 1,
        "grade": 7,
        "price": 1000,
        "amout": null
    },
    "model": "product.product",
    "pk": 163
},
{
    "fields": {
        "category": 3,
        "publisher": 1,
        "code": "7678037",
        "name": "\u0e01\u0e32\u0e23\u0e40\u0e1b\u0e25\u0e35\u0e48\u0e22\u0e19\u0e41\u0e1b\u0e25\u0e07\u0e17\u0e32\u0e07\u0e40\u0e04\u0e21\u0e35\u0e41\u0e25\u0e30\u0e17\u0e32\u0e07\u0e01\u0e32\u0e22\u0e20\u0e32\u0e1e",
        "author": 1,
        "grade": 7,
        "price": 1000,
        "amout": null
    },
    "model": "product.product",
    "pk": 164
},
{
    "fields": {
        "category": 3,
        "publisher": 1,
        "code": "7678038",
        "name": "\u0e01\u0e25\u0e49\u0e2d\u0e07\u0e08\u0e38\u0e25\u0e17\u0e23\u0e23\u0e28\u0e19\u0e4c\u0e41\u0e25\u0e30\u0e02\u0e19\u0e32\u0e14\u0e02\u0e2d\u0e07\u0e40\u0e0b\u0e25\u0e25\u0e4c",
        "author": 1,
        "grade": 7,
        "price": 1000,
        "amout": null
    },
    "model": "product.product",
    "pk": 165
},
{
    "fields": {
        "category": 3,
        "publisher": 1,
        "code": "7678043",
        "name": "\u0e01\u0e32\u0e23\u0e02\u0e19\u0e2a\u0e48\u0e07\u0e1c\u0e48\u0e32\u0e19\u0e40\u0e22\u0e37\u0e48\u0e2d\u0e2b\u0e38\u0e49\u0e21\u0e40\u0e0b\u0e25\u0e25\u0e4c",
        "author": 1,
        "grade": 7,
        "price": 1000,
        "amout": null
    },
    "model": "product.product",
    "pk": 166
},
{
    "fields": {
        "category": 3,
        "publisher": 1,
        "code": "7678052",
        "name": "\u0e1a\u0e23\u0e23\u0e22\u0e32\u0e01\u0e32\u0e28",
        "author": 1,
        "grade": 7,
        "price": 1000,
        "amout": null
    },
    "model": "product.product",
    "pk": 167
},
{
    "fields": {
        "category": 3,
        "publisher": 1,
        "code": "7678053",
        "name": "\u0e1c\u0e25\u0e01\u0e23\u0e30\u0e17\u0e1a\u0e08\u0e32\u0e01\u0e20\u0e32\u0e27\u0e30\u0e40\u0e23\u0e37\u0e2d\u0e19\u0e01\u0e23\u0e30\u0e08\u0e01\u0e41\u0e25\u0e30\u0e2b\u0e25\u0e38\u0e21\u0e42\u0e2d\u0e42\u0e0b\u0e19",
        "author": 1,
        "grade": 7,
        "price": 1000,
        "amout": null
    },
    "model": "product.product",
    "pk": 168
},
{
    "fields": {
        "category": 3,
        "publisher": 1,
        "code": "7676034",
        "name": "\u0e01\u0e32\u0e23\u0e41\u0e22\u0e01\u0e15\u0e31\u0e27\u0e1b\u0e23\u0e30\u0e01\u0e2d\u0e1a (\u0e42\u0e14\u0e22\u0e27\u0e34\u0e18\u0e35\u0e2d\u0e37\u0e48\u0e19)",
        "author": 1,
        "grade": 8,
        "price": 1000,
        "amout": null
    },
    "model": "product.product",
    "pk": 169
},
{
    "fields": {
        "category": 3,
        "publisher": 1,
        "code": "7676035",
        "name": "\u0e01\u0e32\u0e23\u0e41\u0e22\u0e01\u0e15\u0e31\u0e27\u0e1b\u0e23\u0e30\u0e01\u0e2d\u0e1a (\u0e40\u0e1e\u0e34\u0e48\u0e21\u0e40\u0e15\u0e34\u0e21)",
        "author": 1,
        "grade": 8,
        "price": 1000,
        "amout": null
    },
    "model": "product.product",
    "pk": 170
},
{
    "fields": {
        "category": 3,
        "publisher": 1,
        "code": "7676036",
        "name": "\u0e01\u0e32\u0e23\u0e41\u0e01\u0e49\u0e2a\u0e21\u0e01\u0e32\u0e23\u0e40\u0e28\u0e29\u0e2a\u0e48\u0e27\u0e19\u0e1e\u0e2b\u0e38\u0e19\u0e32\u0e21",
        "author": 1,
        "grade": 8,
        "price": 1000,
        "amout": null
    },
    "model": "product.product",
    "pk": 171
},
{
    "fields": {
        "category": 3,
        "publisher": 1,
        "code": "7676039",
        "name": "\u0e23\u0e49\u0e2d\u0e22\u0e25\u0e30",
        "author": 1,
        "grade": 8,
        "price": 1000,
        "amout": null
    },
    "model": "product.product",
    "pk": 172
},
{
    "fields": {
        "category": 3,
        "publisher": 1,
        "code": "7676040",
        "name": "\u0e01\u0e32\u0e23\u0e41\u0e01\u0e49\u0e1b\u0e31\u0e0d\u0e2b\u0e32\u0e17\u0e35\u0e48\u0e40\u0e01\u0e35\u0e48\u0e22\u0e27\u0e02\u0e49\u0e2d\u0e07\u0e01\u0e31\u0e1a\u0e40\u0e1b\u0e2d\u0e23\u0e4c\u0e40\u0e0b\u0e47\u0e19\u0e15\u0e4c",
        "author": 1,
        "grade": 8,
        "price": 1000,
        "amout": null
    },
    "model": "product.product",
    "pk": 173
},
{
    "fields": {
        "category": 3,
        "publisher": 1,
        "code": "7676043",
        "name": "\u0e2a\u0e31\u0e14\u0e2a\u0e48\u0e27\u0e19",
        "author": 1,
        "grade": 8,
        "price": 1000,
        "amout": null
    },
    "model": "product.product",
    "pk": 174
},
{
    "fields": {
        "category": 3,
        "publisher": 1,
        "code": "7678055",
        "name": "\u0e2a\u0e32\u0e23\u0e1b\u0e23\u0e30\u0e01\u0e2d\u0e1a",
        "author": 1,
        "grade": 8,
        "price": 1000,
        "amout": null
    },
    "model": "product.product",
    "pk": 175
},
{
    "fields": {
        "category": 3,
        "publisher": 1,
        "code": "7678057",
        "name": "\u0e2a\u0e32\u0e23\u0e1c\u0e2a\u0e21",
        "author": 1,
        "grade": 8,
        "price": 1000,
        "amout": null
    },
    "model": "product.product",
    "pk": 176
},
{
    "fields": {
        "category": 3,
        "publisher": 1,
        "code": "7678066",
        "name": "\u0e40\u0e25\u0e19\u0e2a\u0e4c",
        "author": 1,
        "grade": 8,
        "price": 1000,
        "amout": null
    },
    "model": "product.product",
    "pk": 177
},
{
    "fields": {
        "category": 3,
        "publisher": 1,
        "code": "7678073",
        "name": "\u0e23\u0e30\u0e1a\u0e1a\u0e2b\u0e32\u0e22\u0e43\u0e08",
        "author": 1,
        "grade": 8,
        "price": 1000,
        "amout": null
    },
    "model": "product.product",
    "pk": 178
},
{
    "fields": {
        "category": 3,
        "publisher": 1,
        "code": "7678080",
        "name": "\u0e23\u0e30\u0e1a\u0e1a\u0e2a\u0e37\u0e1a\u0e1e\u0e31\u0e19\u0e18\u0e38\u0e4c",
        "author": 1,
        "grade": 8,
        "price": 1000,
        "amout": null
    },
    "model": "product.product",
    "pk": 179
},
{
    "fields": {
        "category": 3,
        "publisher": 1,
        "code": "7678087",
        "name": "\u0e18\u0e32\u0e15\u0e38",
        "author": 1,
        "grade": 8,
        "price": 1000,
        "amout": null
    },
    "model": "product.product",
    "pk": 180
},
{
    "fields": {
        "category": 3,
        "publisher": 1,
        "code": "7676051",
        "name": "\u0e01\u0e32\u0e23\u0e41\u0e01\u0e49\u0e1b\u0e31\u0e0d\u0e2b\u0e32\u0e17\u0e35\u0e48\u0e40\u0e01\u0e35\u0e48\u0e22\u0e27\u0e02\u0e49\u0e2d\u0e07\u0e01\u0e31\u0e1a\u0e27\u0e07\u0e01\u0e25\u0e21",
        "author": 1,
        "grade": 9,
        "price": 1000,
        "amout": null
    },
    "model": "product.product",
    "pk": 181
},
{
    "fields": {
        "category": 3,
        "publisher": 1,
        "code": "7676052",
        "name": "\u0e2d\u0e31\u0e15\u0e23\u0e32\u0e2a\u0e48\u0e27\u0e19\u0e15\u0e23\u0e35\u0e42\u0e01\u0e13\u0e21\u0e34\u0e15\u0e34\u0e43\u0e19\u0e2a\u0e32\u0e21\u0e40\u0e2b\u0e25\u0e35\u0e48\u0e22\u0e21\u0e21\u0e38\u0e21\u0e09\u0e32\u0e01",
        "author": 1,
        "grade": 9,
        "price": 1000,
        "amout": null
    },
    "model": "product.product",
    "pk": 182
},
{
    "fields": {
        "category": 3,
        "publisher": 1,
        "code": "7676056",
        "name": "\u0e1b\u0e23\u0e34\u0e21\u0e32\u0e15\u0e23\u0e41\u0e25\u0e30\u0e1e\u0e37\u0e49\u0e19\u0e17\u0e35\u0e48\u0e1c\u0e34\u0e27\u0e02\u0e2d\u0e07\u0e1b\u0e23\u0e34\u0e0b\u0e36\u0e21",
        "author": 1,
        "grade": 9,
        "price": 1000,
        "amout": null
    },
    "model": "product.product",
    "pk": 183
},
{
    "fields": {
        "category": 3,
        "publisher": 1,
        "code": "7676057",
        "name": "\u0e1b\u0e23\u0e34\u0e21\u0e32\u0e15\u0e23\u0e41\u0e25\u0e30\u0e1e\u0e37\u0e49\u0e19\u0e17\u0e35\u0e48\u0e1c\u0e34\u0e27\u0e02\u0e2d\u0e07\u0e1e\u0e35\u0e23\u0e30\u0e21\u0e34\u0e14",
        "author": 1,
        "grade": 9,
        "price": 1000,
        "amout": null
    },
    "model": "product.product",
    "pk": 184
},
{
    "fields": {
        "category": 3,
        "publisher": 1,
        "code": "7676058",
        "name": "\u0e1b\u0e23\u0e34\u0e21\u0e32\u0e15\u0e23 \u0e1e\u0e37\u0e49\u0e19\u0e17\u0e35\u0e48\u0e1c\u0e34\u0e27\u0e02\u0e2d\u0e07\u0e17\u0e23\u0e07\u0e01\u0e23\u0e30\u0e1a\u0e2d\u0e01\u0e41\u0e25\u0e30\u0e17\u0e23\u0e07\u0e01\u0e25\u0e21",
        "author": 1,
        "grade": 9,
        "price": 1000,
        "amout": null
    },
    "model": "product.product",
    "pk": 185
},
{
    "fields": {
        "category": 3,
        "publisher": 1,
        "code": "7676059",
        "name": "\u0e1b\u0e23\u0e34\u0e21\u0e32\u0e15\u0e23\u0e41\u0e25\u0e30\u0e1e\u0e37\u0e49\u0e19\u0e17\u0e35\u0e48\u0e1c\u0e34\u0e27\u0e02\u0e2d\u0e07\u0e17\u0e23\u0e07\u0e01\u0e23\u0e27\u0e22",
        "author": 1,
        "grade": 9,
        "price": 1000,
        "amout": null
    },
    "model": "product.product",
    "pk": 186
},
{
    "fields": {
        "category": 3,
        "publisher": 1,
        "code": "7678119",
        "name": "\u0e41\u0e23\u0e07\u0e15\u0e49\u0e32\u0e19\u0e2d\u0e32\u0e01\u0e32\u0e28",
        "author": 1,
        "grade": 9,
        "price": 1000,
        "amout": null
    },
    "model": "product.product",
    "pk": 187
},
{
    "fields": {
        "category": 3,
        "publisher": 1,
        "code": "7678126",
        "name": "\u0e41\u0e23\u0e07\u0e41\u0e25\u0e30\u0e01\u0e32\u0e23\u0e2b\u0e21\u0e38\u0e19",
        "author": 1,
        "grade": 9,
        "price": 1000,
        "amout": null
    },
    "model": "product.product",
    "pk": 188
},
{
    "fields": {
        "category": 3,
        "publisher": 1,
        "code": "7678140",
        "name": "\u0e01\u0e23\u0e30\u0e41\u0e2a\u0e44\u0e1f\u0e1f\u0e49\u0e32",
        "author": 1,
        "grade": 9,
        "price": 1000,
        "amout": null
    },
    "model": "product.product",
    "pk": 189
},
{
    "fields": {
        "category": 3,
        "publisher": 1,
        "code": "7678160",
        "name": "\u0e40\u0e2d\u0e01\u0e20\u0e1e",
        "author": 1,
        "grade": 9,
        "price": 1000,
        "amout": null
    },
    "model": "product.product",
    "pk": 190
},
{
    "fields": {
        "category": 3,
        "publisher": 1,
        "code": "7678168",
        "name": "\u0e01\u0e32\u0e23\u0e16\u0e48\u0e32\u0e22\u0e17\u0e2d\u0e14\u0e25\u0e31\u0e01\u0e29\u0e13\u0e30 (\u0e17\u0e32\u0e07\u0e1e\u0e31\u0e19\u0e18\u0e38\u0e01\u0e23\u0e23\u0e21)",
        "author": 1,
        "grade": 9,
        "price": 1000,
        "amout": null
    },
    "model": "product.product",
    "pk": 191
},
{
    "fields": {
        "category": 3,
        "publisher": 1,
        "code": "7678180",
        "name": "\u0e01\u0e32\u0e23\u0e1e\u0e31\u0e12\u0e19\u0e32\u0e2d\u0e22\u0e48\u0e32\u0e07\u0e22\u0e31\u0e48\u0e07\u0e22\u0e37\u0e19",
        "author": 1,
        "grade": 9,
        "price": 1000,
        "amout": null
    },
    "model": "product.product",
    "pk": 192
},
{
    "fields": {
        "category": 1,
        "publisher": 1,
        "code": "7771012",
        "name": "Active Learner \u0e20\u0e32\u0e29\u0e32\u0e44\u0e17\u0e22  \u0e2b\u0e25\u0e31\u0e01\u0e20\u0e32\u0e29\u0e32\u0e41\u0e25\u0e30\u0e01\u0e32\u0e23\u0e43\u0e0a\u0e49\u0e20\u0e32\u0e29\u0e32 \u0e21.4 \u0e2b\u0e25\u0e31\u0e01\u0e2a\u0e39\u0e15\u0e23\u0e41\u0e01\u0e19\u0e01\u0e25\u0e32\u0e07\u0e2f 51  ",
        "author": 2,
        "grade": 10,
        "price": 1000,
        "amout": null
    },
    "model": "product.product",
    "pk": 193
},
{
    "fields": {
        "category": 1,
        "publisher": 1,
        "code": "7771013",
        "name": "Active Learner \u0e20\u0e32\u0e29\u0e32\u0e44\u0e17\u0e22  \u0e27\u0e23\u0e23\u0e13\u0e01\u0e23\u0e23\u0e21\u0e41\u0e25\u0e30\u0e27\u0e23\u0e23\u0e13\u0e04\u0e14\u0e35 \u0e21.4 \u0e2b\u0e25\u0e31\u0e01\u0e2a\u0e39\u0e15\u0e23\u0e41\u0e01\u0e19\u0e01\u0e25\u0e32\u0e07\u0e2f 51",
        "author": 2,
        "grade": 10,
        "price": 1000,
        "amout": null
    },
    "model": "product.product",
    "pk": 194
},
{
    "fields": {
        "category": 1,
        "publisher": 1,
        "code": "7778012",
        "name": "Active Learner \u0e0a\u0e35\u0e27\u0e34\u0e15\u0e01\u0e31\u0e1a\u0e2a\u0e34\u0e48\u0e07\u0e41\u0e27\u0e14\u0e25\u0e49\u0e2d\u0e21\u0e2f \u0e21.4-6 \u0e2b\u0e25\u0e31\u0e01\u0e2a\u0e39\u0e15\u0e23\u0e41\u0e01\u0e19\u0e01\u0e25\u0e32\u0e07\u0e2f  51",
        "author": 2,
        "grade": 13,
        "price": 1000,
        "amout": null
    },
    "model": "product.product",
    "pk": 195
},
{
    "fields": {
        "category": 1,
        "publisher": 1,
        "code": "7778013",
        "name": "Active Learner \u0e2a\u0e32\u0e23\u0e41\u0e25\u0e30\u0e2a\u0e21\u0e1a\u0e31\u0e15\u0e34\u0e02\u0e2d\u0e07\u0e2a\u0e32\u0e23 \u0e21.4-6 \u0e2b\u0e25\u0e31\u0e01\u0e2a\u0e39\u0e15\u0e23\u0e41\u0e01\u0e19\u0e01\u0e25\u0e32\u0e07\u0e2f  51",
        "author": 2,
        "grade": 13,
        "price": 1000,
        "amout": null
    },
    "model": "product.product",
    "pk": 196
},
{
    "fields": {
        "category": 1,
        "publisher": 1,
        "code": "7773026",
        "name": "Active Learner \u0e2b\u0e19\u0e49\u0e32\u0e17\u0e35\u0e48\u0e1e\u0e25\u0e40\u0e21\u0e37\u0e2d\u0e07\u0e2f \u0e21.4-6 \u0e2b\u0e25\u0e31\u0e01\u0e2a\u0e39\u0e15\u0e23\u0e41\u0e01\u0e19\u0e01\u0e25\u0e32\u0e07\u0e2f  51",
        "author": 2,
        "grade": 13,
        "price": 1000,
        "amout": null
    },
    "model": "product.product",
    "pk": 197
},
{
    "fields": {
        "category": 1,
        "publisher": 1,
        "code": "7773027",
        "name": "Active Learner \u0e1b\u0e23\u0e30\u0e27\u0e31\u0e15\u0e34\u0e28\u0e32\u0e2a\u0e15\u0e23\u0e4c\u0e44\u0e17\u0e22 \u0e21.4-6  \u0e2b\u0e25\u0e31\u0e01\u0e2a\u0e39\u0e15\u0e23\u0e41\u0e01\u0e19\u0e01\u0e25\u0e32\u0e07\u0e2f  51",
        "author": 2,
        "grade": 13,
        "price": 1000,
        "amout": null
    },
    "model": "product.product",
    "pk": 198
},
{
    "fields": {
        "category": 1,
        "publisher": 1,
        "code": "7773028",
        "name": "Active Learner \u0e1b\u0e23\u0e30\u0e27\u0e31\u0e15\u0e34\u0e28\u0e32\u0e2a\u0e15\u0e23\u0e4c\u0e2a\u0e32\u0e01\u0e25 \u0e21.4-6 \u0e2b\u0e25\u0e31\u0e01\u0e2a\u0e39\u0e15\u0e23\u0e41\u0e01\u0e19\u0e01\u0e25\u0e32\u0e07\u0e2f  51",
        "author": 2,
        "grade": 13,
        "price": 1000,
        "amout": null
    },
    "model": "product.product",
    "pk": 199
},
{
    "fields": {
        "category": 1,
        "publisher": 1,
        "code": "7774008",
        "name": "Active Learner \u0e2a\u0e38\u0e02\u0e28\u0e36\u0e01\u0e29\u0e32  \u0e21.4-6 \u0e2b\u0e25\u0e31\u0e01\u0e2a\u0e39\u0e15\u0e23\u0e41\u0e01\u0e19\u0e01\u0e25\u0e32\u0e07\u0e2f  51",
        "author": 2,
        "grade": 13,
        "price": 1000,
        "amout": null
    },
    "model": "product.product",
    "pk": 200
},
{
    "fields": {
        "category": 2,
        "publisher": 1,
        "code": "7072024",
        "name": "Active Reader  \u0e2a\u0e42\u0e19\u0e27\u0e4c\u0e44\u0e27\u0e17\u0e4c\u0e01\u0e31\u0e1a\u0e04\u0e19\u0e41\u0e04\u0e23\u0e30\u0e17\u0e31\u0e49\u0e07\u0e40\u0e08\u0e47\u0e14",
        "author": 2,
        "grade": 14,
        "price": 500,
        "amout": null
    },
    "model": "product.product",
    "pk": 201
},
{
    "fields": {
        "category": 2,
        "publisher": 1,
        "code": "7072025",
        "name": "Active Reader  \u0e40\u0e08\u0e49\u0e32\u0e2b\u0e0d\u0e34\u0e07\u0e2b\u0e07\u0e2a\u0e4c\u0e02\u0e32\u0e27",
        "author": 2,
        "grade": 14,
        "price": 500,
        "amout": null
    },
    "model": "product.product",
    "pk": 202
},
{
    "fields": {
        "category": 2,
        "publisher": 1,
        "code": "7072026",
        "name": "Active Reader  \u0e2b\u0e19\u0e39\u0e19\u0e49\u0e2d\u0e22\u0e01\u0e31\u0e1a\u0e40\u0e2a\u0e37\u0e2d\u0e08\u0e2d\u0e21\u0e40\u0e08\u0e49\u0e32\u0e40\u0e25\u0e48\u0e2b\u0e4c",
        "author": 2,
        "grade": 14,
        "price": 500,
        "amout": null
    },
    "model": "product.product",
    "pk": 203
},
{
    "fields": {
        "category": 2,
        "publisher": 1,
        "code": "7072027",
        "name": "Active Reader  \u0e40\u0e07\u0e37\u0e2d\u0e01\u0e19\u0e49\u0e2d\u0e22\u0e1c\u0e39\u0e49\u0e2d\u0e32\u0e20\u0e31\u0e1e",
        "author": 2,
        "grade": 14,
        "price": 500,
        "amout": null
    },
    "model": "product.product",
    "pk": 204
},
{
    "fields": {
        "category": 2,
        "publisher": 1,
        "code": "7072028",
        "name": "Active Reader  \u0e2b\u0e19\u0e39\u0e19\u0e49\u0e2d\u0e22\u0e2b\u0e21\u0e27\u0e01\u0e41\u0e14\u0e07",
        "author": 2,
        "grade": 14,
        "price": 500,
        "amout": null
    },
    "model": "product.product",
    "pk": 205
},
{
    "fields": {
        "category": 2,
        "publisher": 1,
        "code": "7072029",
        "name": "Active Reader  \u0e1e\u0e34\u0e19\u0e47\u0e2d\u0e04\u0e04\u0e34\u0e42\u0e2d",
        "author": 2,
        "grade": 14,
        "price": 500,
        "amout": null
    },
    "model": "product.product",
    "pk": 206
},
{
    "fields": {
        "category": 2,
        "publisher": 1,
        "code": "7072030",
        "name": "Active Reader  \u0e16\u0e31\u0e48\u0e27\u0e27\u0e34\u0e40\u0e28\u0e29\u0e01\u0e31\u0e1a\u0e01\u0e25\u0e34\u0e48\u0e19\u0e2b\u0e2d\u0e21",
        "author": 2,
        "grade": 14,
        "price": 500,
        "amout": null
    },
    "model": "product.product",
    "pk": 207
},
{
    "fields": {
        "category": 2,
        "publisher": 1,
        "code": "7072031",
        "name": "Active Reader  \u0e2b\u0e19\u0e39\u0e19\u0e49\u0e2d\u0e22\u0e18\u0e31\u0e21\u0e40\u0e1a\u0e25\u0e34\u0e19\u0e32",
        "author": 2,
        "grade": 14,
        "price": 500,
        "amout": null
    },
    "model": "product.product",
    "pk": 208
},
{
    "fields": {
        "category": 2,
        "publisher": 1,
        "code": "7072032",
        "name": "Active Reader  \u0e40\u0e08\u0e49\u0e32\u0e2b\u0e0d\u0e34\u0e07\u0e19\u0e34\u0e17\u0e23\u0e32",
        "author": 2,
        "grade": 14,
        "price": 500,
        "amout": null
    },
    "model": "product.product",
    "pk": 209
},
{
    "fields": {
        "category": 2,
        "publisher": 1,
        "code": "7072033",
        "name": "Active Reader  \u0e40\u0e08\u0e49\u0e32\u0e0a\u0e32\u0e22\u0e01\u0e1a",
        "author": 2,
        "grade": 14,
        "price": 500,
        "amout": null
    },
    "model": "product.product",
    "pk": 210
},
{
    "fields": {
        "category": 2,
        "publisher": 1,
        "code": "7072034",
        "name": "Active Reader  \u0e2b\u0e21\u0e32\u0e1b\u0e48\u0e32\u0e01\u0e31\u0e1a\u0e25\u0e39\u0e01\u0e41\u0e01\u0e30",
        "author": 2,
        "grade": 14,
        "price": 500,
        "amout": null
    },
    "model": "product.product",
    "pk": 211
},
{
    "fields": {
        "category": 2,
        "publisher": 1,
        "code": "7072035",
        "name": "Active Reader  \u0e25\u0e39\u0e01\u0e40\u0e1b\u0e47\u0e14\u0e02\u0e35\u0e49\u0e40\u0e2b\u0e23\u0e48",
        "author": 2,
        "grade": 14,
        "price": 500,
        "amout": null
    },
    "model": "product.product",
    "pk": 212
},
{
    "fields": {
        "category": 2,
        "publisher": 1,
        "code": "7072036",
        "name": "Active Reader  \u0e25\u0e39\u0e01\u0e2b\u0e21\u0e39\u0e2a\u0e32\u0e21\u0e15\u0e31\u0e27",
        "author": 2,
        "grade": 14,
        "price": 500,
        "amout": null
    },
    "model": "product.product",
    "pk": 213
},
{
    "fields": {
        "category": 2,
        "publisher": 1,
        "code": "7072037",
        "name": "Active Reader  \u0e08\u0e2d\u0e21\u0e27\u0e32\u0e19\u0e23\u0e22\u0e2d\u0e14\u0e2d\u0e34\u0e17\u0e18\u0e34\u0e24\u0e17\u0e18\u0e34\u0e4c",
        "author": 2,
        "grade": 14,
        "price": 500,
        "amout": null
    },
    "model": "product.product",
    "pk": 214
},
{
    "fields": {
        "category": 2,
        "publisher": 1,
        "code": "7072038",
        "name": "Active Reader  \u0e2d\u0e32\u0e25\u0e35\u0e1a\u0e32\u0e1a\u0e32\u0e01\u0e31\u0e1a\u0e42\u0e08\u0e23\u0e2a\u0e35\u0e48\u0e2a\u0e34\u0e1a\u0e04\u0e19",
        "author": 2,
        "grade": 14,
        "price": 500,
        "amout": null
    },
    "model": "product.product",
    "pk": 215
},
{
    "fields": {
        "category": 2,
        "publisher": 1,
        "code": "7072039",
        "name": "Active Reader  \u0e40\u0e08\u0e49\u0e32\u0e0a\u0e32\u0e22\u0e01\u0e31\u0e1a\u0e02\u0e2d\u0e17\u0e32\u0e19",
        "author": 2,
        "grade": 14,
        "price": 500,
        "amout": null
    },
    "model": "product.product",
    "pk": 216
},
{
    "fields": {
        "category": 2,
        "publisher": 1,
        "code": "7072040",
        "name": "Active Reader  \u0e0b\u0e34\u0e19\u0e40\u0e14\u0e2d\u0e40\u0e23\u0e25\u0e25\u0e32",
        "author": 2,
        "grade": 14,
        "price": 500,
        "amout": null
    },
    "model": "product.product",
    "pk": 217
},
{
    "fields": {
        "category": 2,
        "publisher": 1,
        "code": "7072041",
        "name": "Active Reader  \u0e08\u0e31\u0e01\u0e23\u0e1e\u0e23\u0e23\u0e14\u0e34\u0e1c\u0e39\u0e49\u0e42\u0e07\u0e48\u0e40\u0e02\u0e25\u0e32",
        "author": 2,
        "grade": 14,
        "price": 500,
        "amout": null
    },
    "model": "product.product",
    "pk": 218
},
{
    "fields": {
        "category": 2,
        "publisher": 1,
        "code": "7072042",
        "name": "Active Reader  \u0e40\u0e14\u0e47\u0e01\u0e2b\u0e0d\u0e34\u0e07\u0e44\u0e21\u0e49\u0e02\u0e35\u0e14\u0e44\u0e1f",
        "author": 2,
        "grade": 14,
        "price": 500,
        "amout": null
    },
    "model": "product.product",
    "pk": 219
},
{
    "fields": {
        "category": 2,
        "publisher": 1,
        "code": "7072043",
        "name": "Active Reader  \u0e2d\u0e25\u0e34\u0e28\u0e43\u0e19\u0e41\u0e14\u0e19\u0e21\u0e2b\u0e31\u0e28\u0e08\u0e23\u0e23\u0e22\u0e4c",
        "author": 2,
        "grade": 14,
        "price": 500,
        "amout": null
    },
    "model": "product.product",
    "pk": 220
},
{
    "fields": {
        "category": 2,
        "publisher": 1,
        "code": "7072044",
        "name": "Active Reader  \u0e40\u0e08\u0e49\u0e32\u0e0a\u0e32\u0e22\u0e2b\u0e07\u0e2a\u0e4c\u0e02\u0e32\u0e27\u0e17\u0e31\u0e49\u0e07\u0e2b\u0e01",
        "author": 2,
        "grade": 14,
        "price": 500,
        "amout": null
    },
    "model": "product.product",
    "pk": 221
},
{
    "fields": {
        "category": 2,
        "publisher": 1,
        "code": "7072045",
        "name": "Active Reader  \u0e1b\u0e35\u0e40\u0e15\u0e2d\u0e23\u0e4c\u0e41\u0e1e\u0e19",
        "author": 2,
        "grade": 14,
        "price": 500,
        "amout": null
    },
    "model": "product.product",
    "pk": 222
},
{
    "fields": {
        "category": 2,
        "publisher": 1,
        "code": "7072046",
        "name": "Active Reader  \u0e2a\u0e32\u0e21\u0e17\u0e2b\u0e32\u0e23\u0e40\u0e2a\u0e37\u0e2d",
        "author": 2,
        "grade": 14,
        "price": 500,
        "amout": null
    },
    "model": "product.product",
    "pk": 223
},
{
    "fields": {
        "category": 2,
        "publisher": 1,
        "code": "7071043",
        "name": "Active Reader  \u0e2a\u0e31\u0e15\u0e27\u0e4c\u0e43\u0e19\u0e27\u0e23\u0e23\u0e13\u0e04\u0e14\u0e35\u0e44\u0e17\u0e22  \u0e0a\u0e38\u0e14\u0e17\u0e35\u0e48 1",
        "author": 2,
        "grade": 15,
        "price": 500,
        "amout": null
    },
    "model": "product.product",
    "pk": 224
},
{
    "fields": {
        "category": 2,
        "publisher": 1,
        "code": "7071044",
        "name": "Active Reader  \u0e2a\u0e31\u0e15\u0e27\u0e4c\u0e43\u0e19\u0e27\u0e23\u0e23\u0e13\u0e04\u0e14\u0e35\u0e44\u0e17\u0e22  \u0e0a\u0e38\u0e14\u0e17\u0e35\u0e48 2",
        "author": 2,
        "grade": 15,
        "price": 500,
        "amout": null
    },
    "model": "product.product",
    "pk": 225
},
{
    "fields": {
        "category": 2,
        "publisher": 1,
        "code": "7071045",
        "name": "Active Reader  \u0e1b\u0e25\u0e32\u0e43\u0e19\u0e27\u0e23\u0e23\u0e13\u0e04\u0e14\u0e35\u0e44\u0e17\u0e22  \u0e0a\u0e38\u0e14\u0e17\u0e35\u0e48 1",
        "author": 2,
        "grade": 15,
        "price": 500,
        "amout": null
    },
    "model": "product.product",
    "pk": 226
},
{
    "fields": {
        "category": 2,
        "publisher": 1,
        "code": "7071046",
        "name": "Active Reader  \u0e1b\u0e25\u0e32\u0e43\u0e19\u0e27\u0e23\u0e23\u0e13\u0e04\u0e14\u0e35\u0e44\u0e17\u0e22  \u0e0a\u0e38\u0e14\u0e17\u0e35\u0e48 2",
        "author": 2,
        "grade": 15,
        "price": 500,
        "amout": null
    },
    "model": "product.product",
    "pk": 227
},
{
    "fields": {
        "category": 2,
        "publisher": 1,
        "code": "7071047",
        "name": "Active Reader  \u0e14\u0e2d\u0e01\u0e44\u0e21\u0e49\u0e43\u0e19\u0e27\u0e23\u0e23\u0e13\u0e04\u0e14\u0e35\u0e44\u0e17\u0e22  \u0e0a\u0e38\u0e14\u0e17\u0e35\u0e48 1",
        "author": 2,
        "grade": 15,
        "price": 500,
        "amout": null
    },
    "model": "product.product",
    "pk": 228
},
{
    "fields": {
        "category": 2,
        "publisher": 1,
        "code": "7071048",
        "name": "Active Reader  \u0e14\u0e2d\u0e01\u0e44\u0e21\u0e49\u0e43\u0e19\u0e27\u0e23\u0e23\u0e13\u0e04\u0e14\u0e35\u0e44\u0e17\u0e22  \u0e0a\u0e38\u0e14\u0e17\u0e35\u0e48 2",
        "author": 2,
        "grade": 15,
        "price": 500,
        "amout": null
    },
    "model": "product.product",
    "pk": 229
},
{
    "fields": {
        "category": 2,
        "publisher": 1,
        "code": "7071049",
        "name": "Active Reader  \u0e19\u0e01\u0e43\u0e19\u0e27\u0e23\u0e23\u0e13\u0e04\u0e14\u0e35\u0e44\u0e17\u0e22  \u0e0a\u0e38\u0e14\u0e17\u0e35\u0e48 1",
        "author": 2,
        "grade": 15,
        "price": 500,
        "amout": null
    },
    "model": "product.product",
    "pk": 230
},
{
    "fields": {
        "category": 2,
        "publisher": 1,
        "code": "7071050",
        "name": "Active Reader  \u0e19\u0e01\u0e43\u0e19\u0e27\u0e23\u0e23\u0e13\u0e04\u0e14\u0e35\u0e44\u0e17\u0e22  \u0e0a\u0e38\u0e14\u0e17\u0e35\u0e48 2",
        "author": 2,
        "grade": 15,
        "price": 500,
        "amout": null
    },
    "model": "product.product",
    "pk": 231
},
{
    "fields": {
        "category": 2,
        "publisher": 1,
        "code": "7071051",
        "name": "Active Reader  \u0e1e\u0e23\u0e23\u0e13\u0e44\u0e21\u0e49\u0e43\u0e19\u0e27\u0e23\u0e23\u0e13\u0e04\u0e14\u0e35\u0e44\u0e17\u0e22  \u0e0a\u0e38\u0e14\u0e17\u0e35\u0e48 1",
        "author": 2,
        "grade": 15,
        "price": 500,
        "amout": null
    },
    "model": "product.product",
    "pk": 232
},
{
    "fields": {
        "category": 2,
        "publisher": 1,
        "code": "7071052",
        "name": "Active Reader  \u0e1e\u0e23\u0e23\u0e13\u0e44\u0e21\u0e49\u0e43\u0e19\u0e27\u0e23\u0e23\u0e13\u0e04\u0e14\u0e35\u0e44\u0e17\u0e22  \u0e0a\u0e38\u0e14\u0e17\u0e35\u0e48 2",
        "author": 2,
        "grade": 15,
        "price": 500,
        "amout": null
    },
    "model": "product.product",
    "pk": 233
},
{
    "fields": {
        "category": 2,
        "publisher": 1,
        "code": "7078137",
        "name": "Active Reader  \u0e1b\u0e48\u0e32\u0e0a\u0e32\u0e22\u0e04\u0e25\u0e2d\u0e07",
        "author": 2,
        "grade": 15,
        "price": 500,
        "amout": null
    },
    "model": "product.product",
    "pk": 234
},
{
    "fields": {
        "category": 2,
        "publisher": 1,
        "code": "7078138",
        "name": "Active Reader  \u0e1c\u0e36\u0e49\u0e07\u0e1e\u0e37\u0e49\u0e19\u0e40\u0e21\u0e37\u0e2d\u0e07",
        "author": 2,
        "grade": 15,
        "price": 500,
        "amout": null
    },
    "model": "product.product",
    "pk": 235
},
{
    "fields": {
        "category": 2,
        "publisher": 1,
        "code": "7078139",
        "name": "Active Reader  \u0e40\u0e01\u0e25\u0e37\u0e2d\u0e2a\u0e21\u0e38\u0e17\u0e23",
        "author": 2,
        "grade": 15,
        "price": 500,
        "amout": null
    },
    "model": "product.product",
    "pk": 236
},
{
    "fields": {
        "category": 2,
        "publisher": 1,
        "code": "7078140",
        "name": "Active Reader  \u0e19\u0e49\u0e33\u0e15\u0e32\u0e25\u0e21\u0e30\u0e1e\u0e23\u0e49\u0e32\u0e27",
        "author": 2,
        "grade": 15,
        "price": 500,
        "amout": null
    },
    "model": "product.product",
    "pk": 237
},
{
    "fields": {
        "category": 2,
        "publisher": 1,
        "code": "7078141",
        "name": "Active Reader  \u0e1b\u0e48\u0e32\u0e0a\u0e32\u0e22\u0e40\u0e25\u0e19",
        "author": 2,
        "grade": 15,
        "price": 500,
        "amout": null
    },
    "model": "product.product",
    "pk": 238
},
{
    "fields": {
        "category": 2,
        "publisher": 1,
        "code": "7078142",
        "name": "Active Reader  \u0e1b\u0e25\u0e32\u0e17\u0e39",
        "author": 2,
        "grade": 15,
        "price": 500,
        "amout": null
    },
    "model": "product.product",
    "pk": 239
},
{
    "fields": {
        "category": 2,
        "publisher": 1,
        "code": "7078143",
        "name": "Active Reader  \u0e2b\u0e34\u0e48\u0e07\u0e2b\u0e49\u0e2d\u0e22",
        "author": 2,
        "grade": 15,
        "price": 500,
        "amout": null
    },
    "model": "product.product",
    "pk": 240
},
{
    "fields": {
        "category": 2,
        "publisher": 1,
        "code": "7078144",
        "name": "Active Reader  \u0e40\u0e2b\u0e47\u0e14\u0e42\u0e04\u0e19",
        "author": 2,
        "grade": 15,
        "price": 500,
        "amout": null
    },
    "model": "product.product",
    "pk": 241
},
{
    "fields": {
        "category": 2,
        "publisher": 1,
        "code": "7078145",
        "name": "Active Reader  \u0e2b\u0e2d\u0e22\u0e2b\u0e25\u0e2d\u0e14",
        "author": 2,
        "grade": 15,
        "price": 500,
        "amout": null
    },
    "model": "product.product",
    "pk": 242
},
{
    "fields": {
        "category": 2,
        "publisher": 1,
        "code": "7078146",
        "name": "Active Reader  \u0e01\u0e25\u0e40\u0e21\u0e47\u0e14\u0e08\u0e31\u0e1a\u0e2a\u0e31\u0e15\u0e27\u0e4c\u0e19\u0e49\u0e33",
        "author": 2,
        "grade": 15,
        "price": 500,
        "amout": null
    },
    "model": "product.product",
    "pk": 243
},
{
    "fields": {
        "category": 2,
        "publisher": 1,
        "code": "7078147",
        "name": "Active Reader  \u0e01\u0e38\u0e0d\u0e41\u0e08\u0e44\u0e02\u0e2a\u0e39\u0e48\u0e42\u0e25\u0e01\u0e1f\u0e34\u0e2a\u0e34\u0e01\u0e2a\u0e4c",
        "author": 2,
        "grade": 15,
        "price": 500,
        "amout": null
    },
    "model": "product.product",
    "pk": 244
},
{
    "fields": {
        "category": 2,
        "publisher": 1,
        "code": "7078148",
        "name": "Active Reader  \u0e01\u0e38\u0e0d\u0e41\u0e08\u0e44\u0e02\u0e2a\u0e39\u0e48\u0e42\u0e25\u0e01\u0e40\u0e04\u0e21\u0e35",
        "author": 2,
        "grade": 15,
        "price": 500,
        "amout": null
    },
    "model": "product.product",
    "pk": 245
},
{
    "fields": {
        "category": 2,
        "publisher": 1,
        "code": "7078149",
        "name": "Active Reader  \u0e01\u0e38\u0e0d\u0e41\u0e08\u0e44\u0e02\u0e2a\u0e39\u0e48\u0e42\u0e25\u0e01\u0e0a\u0e35\u0e27\u0e27\u0e34\u0e17\u0e22\u0e32",
        "author": 2,
        "grade": 15,
        "price": 500,
        "amout": null
    },
    "model": "product.product",
    "pk": 246
},
{
    "fields": {
        "category": 2,
        "publisher": 1,
        "code": "7077004",
        "name": "Active Reader  \u0e01\u0e23\u0e30\u0e14\u0e32\u0e29\u0e41\u0e1b\u0e25\u0e07\u0e01\u0e32\u0e22 : \u0e02\u0e2d\u0e07\u0e40\u0e25\u0e48\u0e19\u0e41\u0e2a\u0e19\u0e2a\u0e19\u0e38\u0e01",
        "author": 2,
        "grade": 14,
        "price": 500,
        "amout": null
    },
    "model": "product.product",
    "pk": 247
},
{
    "fields": {
        "category": 2,
        "publisher": 1,
        "code": "7077005",
        "name": "Active Reader  \u0e01\u0e23\u0e30\u0e14\u0e32\u0e29\u0e41\u0e1b\u0e25\u0e07\u0e01\u0e32\u0e22 : \u0e14\u0e2d\u0e01\u0e44\u0e21\u0e49\u0e01\u0e31\u0e1a\u0e41\u0e21\u0e25\u0e07",
        "author": 2,
        "grade": 14,
        "price": 500,
        "amout": null
    },
    "model": "product.product",
    "pk": 248
},
{
    "fields": {
        "category": 2,
        "publisher": 1,
        "code": "7077006",
        "name": "Active Reader  \u0e01\u0e23\u0e30\u0e14\u0e32\u0e29\u0e41\u0e1b\u0e25\u0e07\u0e01\u0e32\u0e22 : \u0e2a\u0e31\u0e15\u0e27\u0e4c\u0e42\u0e25\u0e01\u0e2b\u0e23\u0e23\u0e29\u0e32",
        "author": 2,
        "grade": 14,
        "price": 500,
        "amout": null
    },
    "model": "product.product",
    "pk": 249
},
{
    "fields": {
        "category": 2,
        "publisher": 1,
        "code": "7073007",
        "name": "Active Reader  \u0e23\u0e39\u0e49\u0e23\u0e2d\u0e1a\u0e04\u0e27\u0e32\u0e21\u0e25\u0e31\u0e1a\u0e02\u0e2d\u0e07\u0e42\u0e25\u0e01 1",
        "author": 2,
        "grade": 15,
        "price": 500,
        "amout": null
    },
    "model": "product.product",
    "pk": 250
},
{
    "fields": {
        "category": 2,
        "publisher": 1,
        "code": "7073008",
        "name": "Active Reader  \u0e23\u0e39\u0e49\u0e23\u0e2d\u0e1a\u0e04\u0e27\u0e32\u0e21\u0e25\u0e31\u0e1a\u0e02\u0e2d\u0e07\u0e42\u0e25\u0e01 2",
        "author": 2,
        "grade": 15,
        "price": 500,
        "amout": null
    },
    "model": "product.product",
    "pk": 251
},
{
    "fields": {
        "category": 2,
        "publisher": 1,
        "code": "7073009",
        "name": "Active Reader  \u0e2a\u0e34\u0e48\u0e07\u0e21\u0e2b\u0e31\u0e28\u0e08\u0e23\u0e23\u0e22\u0e4c\u0e02\u0e2d\u0e07\u0e42\u0e25\u0e01",
        "author": 2,
        "grade": 15,
        "price": 500,
        "amout": null
    },
    "model": "product.product",
    "pk": 252
},
{
    "fields": {
        "category": 2,
        "publisher": 1,
        "code": "7073010",
        "name": "Active Reader  \u0e22\u0e2d\u0e14\u0e1a\u0e38\u0e04\u0e04\u0e25\u0e2a\u0e33\u0e04\u0e31\u0e0d\u0e02\u0e2d\u0e07\u0e42\u0e25\u0e01 1",
        "author": 2,
        "grade": 15,
        "price": 500,
        "amout": null
    },
    "model": "product.product",
    "pk": 253
},
{
    "fields": {
        "category": 2,
        "publisher": 1,
        "code": "7073011",
        "name": "Active Reader  \u0e22\u0e2d\u0e14\u0e1a\u0e38\u0e04\u0e04\u0e25\u0e2a\u0e33\u0e04\u0e31\u0e0d\u0e02\u0e2d\u0e07\u0e42\u0e25\u0e01 2",
        "author": 2,
        "grade": 15,
        "price": 500,
        "amout": null
    },
    "model": "product.product",
    "pk": 254
},
{
    "fields": {
        "category": 2,
        "publisher": 1,
        "code": "7073012",
        "name": "Active Reader  \u0e23\u0e39\u0e49\u0e23\u0e2d\u0e1a\u0e40\u0e2b\u0e15\u0e38\u0e01\u0e32\u0e23\u0e13\u0e4c\u0e2a\u0e33\u0e04\u0e31\u0e0d",
        "author": 2,
        "grade": 15,
        "price": 500,
        "amout": null
    },
    "model": "product.product",
    "pk": 255
},
{
    "fields": {
        "category": 2,
        "publisher": 1,
        "code": "7078150",
        "name": "Active Reader  \u0e21\u0e2b\u0e31\u0e28\u0e08\u0e23\u0e23\u0e22\u0e4c\u0e1e\u0e37\u0e0a\u0e41\u0e25\u0e30\u0e2a\u0e31\u0e15\u0e27\u0e4c",
        "author": 2,
        "grade": 15,
        "price": 500,
        "amout": null
    },
    "model": "product.product",
    "pk": 256
},
{
    "fields": {
        "category": 2,
        "publisher": 1,
        "code": "7078151",
        "name": "Active Reader  \u0e40\u0e17\u0e04\u0e42\u0e19\u0e42\u0e25\u0e22\u0e35\u0e01\u0e31\u0e1a\u0e2a\u0e34\u0e48\u0e07\u0e1b\u0e23\u0e30\u0e14\u0e34\u0e29\u0e10\u0e4c",
        "author": 2,
        "grade": 15,
        "price": 500,
        "amout": null
    },
    "model": "product.product",
    "pk": 257
},
{
    "fields": {
        "category": 2,
        "publisher": 1,
        "code": "7078152",
        "name": "Active Reader  \u0e23\u0e48\u0e32\u0e07\u0e01\u0e32\u0e22\u0e21\u0e2b\u0e31\u0e28\u0e08\u0e23\u0e23\u0e22\u0e4c",
        "author": 2,
        "grade": 15,
        "price": 500,
        "amout": null
    },
    "model": "product.product",
    "pk": 258
},
{
    "fields": {
        "category": 2,
        "publisher": 1,
        "code": "7078153",
        "name": "Active Reader  \u0e42\u0e25\u0e01\u0e21\u0e2b\u0e31\u0e28\u0e08\u0e23\u0e23\u0e22\u0e4c",
        "author": 2,
        "grade": 15,
        "price": 500,
        "amout": null
    },
    "model": "product.product",
    "pk": 259
},
{
    "fields": {
        "category": 2,
        "publisher": 1,
        "code": "7076007",
        "name": "Active Reader  \u0e15\u0e30\u0e25\u0e38\u0e22\u0e40\u0e21\u0e37\u0e2d\u0e07\u0e1e\u0e34\u0e28\u0e27\u0e07",
        "author": 2,
        "grade": 14,
        "price": 500,
        "amout": null
    },
    "model": "product.product",
    "pk": 260
},
{
    "fields": {
        "category": 2,
        "publisher": 1,
        "code": "7076008",
        "name": "Active Reader  \u0e41\u0e0a\u0e21\u0e1b\u0e4c\u0e15\u0e31\u0e27\u0e08\u0e34\u0e4b\u0e27",
        "author": 2,
        "grade": 14,
        "price": 500,
        "amout": null
    },
    "model": "product.product",
    "pk": 261
},
{
    "fields": {
        "category": 2,
        "publisher": 1,
        "code": "7071053",
        "name": "Active Reader  \u0e14\u0e2d\u0e01\u0e2a\u0e23\u0e49\u0e2d\u0e22\u0e2a\u0e38\u0e20\u0e32\u0e29\u0e34\u0e15",
        "author": 2,
        "grade": 15,
        "price": 500,
        "amout": null
    },
    "model": "product.product",
    "pk": 262
},
{
    "fields": {
        "category": 2,
        "publisher": 1,
        "code": "7071054",
        "name": "Active Reader  \u0e23\u0e27\u0e21\u0e1a\u0e17\u0e2a\u0e31\u0e01\u0e27\u0e32\u0e41\u0e25\u0e30\u0e1a\u0e17\u0e23\u0e49\u0e2d\u0e22\u0e01\u0e23\u0e2d\u0e07",
        "author": 2,
        "grade": 15,
        "price": 500,
        "amout": null
    },
    "model": "product.product",
    "pk": 263
},
{
    "fields": {
        "category": 2,
        "publisher": 1,
        "code": "7071055",
        "name": "Active Reader  \u0e19\u0e34\u0e17\u0e32\u0e19\u0e17\u0e2d\u0e07\u0e2d\u0e34\u0e19",
        "author": 2,
        "grade": 15,
        "price": 500,
        "amout": null
    },
    "model": "product.product",
    "pk": 264
},
{
    "fields": {
        "category": 2,
        "publisher": 1,
        "code": "7071056",
        "name": "Active Reader  \u0e2a\u0e38\u0e20\u0e32\u0e29\u0e34\u0e15\u0e1e\u0e23\u0e30\u0e23\u0e48\u0e27\u0e07\u0e41\u0e25\u0e30\u0e2a\u0e38\u0e20\u0e32\u0e29\u0e34\u0e15\u0e2d\u0e34\u0e28\u0e23\u0e0d\u0e32\u0e13",
        "author": 2,
        "grade": 15,
        "price": 500,
        "amout": null
    },
    "model": "product.product",
    "pk": 265
},
{
    "fields": {
        "category": 2,
        "publisher": 1,
        "code": "7071057",
        "name": "Active Reader  \u0e1e\u0e23\u0e30\u0e1a\u0e23\u0e21\u0e23\u0e32\u0e42\u0e0a\u0e27\u0e32\u0e17 \u0e23.5",
        "author": 2,
        "grade": 15,
        "price": 500,
        "amout": null
    },
    "model": "product.product",
    "pk": 266
},
{
    "fields": {
        "category": 2,
        "publisher": 1,
        "code": "7071058",
        "name": "Active Reader  \u0e2a\u0e38\u0e20\u0e32\u0e29\u0e34\u0e15\u0e1e\u0e23\u0e30\u0e23\u0e32\u0e0a\u0e19\u0e34\u0e1e\u0e19\u0e18\u0e4c",
        "author": 2,
        "grade": 15,
        "price": 500,
        "amout": null
    },
    "model": "product.product",
    "pk": 267
},
{
    "fields": {
        "category": 2,
        "publisher": 1,
        "code": "7071059",
        "name": "Active Reader  \u0e19\u0e34\u0e23\u0e32\u0e28\u0e40\u0e14\u0e37\u0e2d\u0e19",
        "author": 2,
        "grade": 15,
        "price": 500,
        "amout": null
    },
    "model": "product.product",
    "pk": 268
},
{
    "fields": {
        "category": 2,
        "publisher": 1,
        "code": "7078154",
        "name": "Active Reader  \u0e2b\u0e31\u0e27\u0e43\u0e08\u0e41\u0e25\u0e30\u0e42\u0e25\u0e2b\u0e34\u0e15",
        "author": 2,
        "grade": 15,
        "price": 500,
        "amout": null
    },
    "model": "product.product",
    "pk": 269
},
{
    "fields": {
        "category": 2,
        "publisher": 1,
        "code": "7078155",
        "name": "Active Reader  \u0e2b\u0e39\u0e41\u0e25\u0e30\u0e01\u0e32\u0e23\u0e44\u0e14\u0e49\u0e22\u0e34\u0e19",
        "author": 2,
        "grade": 15,
        "price": 500,
        "amout": null
    },
    "model": "product.product",
    "pk": 270
},
{
    "fields": {
        "category": 2,
        "publisher": 1,
        "code": "7078156",
        "name": "Active Reader  \u0e01\u0e32\u0e23\u0e23\u0e31\u0e01\u0e29\u0e32\u0e14\u0e38\u0e25\u0e22\u0e20\u0e32\u0e1e\u0e02\u0e2d\u0e07\u0e23\u0e48\u0e32\u0e07\u0e01\u0e32\u0e22",
        "author": 2,
        "grade": 15,
        "price": 500,
        "amout": null
    },
    "model": "product.product",
    "pk": 271
},
{
    "fields": {
        "category": 2,
        "publisher": 1,
        "code": "7078157",
        "name": "Active Reader  \u0e2d\u0e32\u0e2b\u0e32\u0e23\u0e41\u0e25\u0e30\u0e01\u0e32\u0e23\u0e22\u0e48\u0e2d\u0e22\u0e2d\u0e32\u0e2b\u0e32\u0e23",
        "author": 2,
        "grade": 15,
        "price": 500,
        "amout": null
    },
    "model": "product.product",
    "pk": 272
},
{
    "fields": {
        "category": 2,
        "publisher": 1,
        "code": "7078158",
        "name": "Active Reader  \u0e2a\u0e21\u0e2d\u0e07\u0e41\u0e25\u0e30\u0e23\u0e30\u0e1a\u0e1a\u0e1b\u0e23\u0e30\u0e2a\u0e32\u0e17",
        "author": 2,
        "grade": 15,
        "price": 500,
        "amout": null
    },
    "model": "product.product",
    "pk": 273
},
{
    "fields": {
        "category": 2,
        "publisher": 1,
        "code": "7078159",
        "name": "Active Reader  \u0e01\u0e32\u0e23\u0e01\u0e33\u0e40\u0e19\u0e34\u0e14\u0e41\u0e25\u0e30\u0e01\u0e32\u0e23\u0e40\u0e08\u0e23\u0e34\u0e0d\u0e40\u0e15\u0e34\u0e1a\u0e42\u0e15",
        "author": 2,
        "grade": 15,
        "price": 500,
        "amout": null
    },
    "model": "product.product",
    "pk": 274
},
{
    "fields": {
        "category": 2,
        "publisher": 1,
        "code": "7078160",
        "name": "Active Reader  \u0e01\u0e32\u0e23\u0e2a\u0e31\u0e21\u0e1c\u0e31\u0e2a \u0e23\u0e31\u0e1a\u0e23\u0e2a \u0e41\u0e25\u0e30\u0e44\u0e14\u0e49\u0e01\u0e25\u0e34\u0e48\u0e19",
        "author": 2,
        "grade": 15,
        "price": 500,
        "amout": null
    },
    "model": "product.product",
    "pk": 275
},
{
    "fields": {
        "category": 2,
        "publisher": 1,
        "code": "7078161",
        "name": "Active Reader  \u0e42\u0e04\u0e23\u0e07\u0e01\u0e23\u0e30\u0e14\u0e39\u0e01\u0e41\u0e25\u0e30\u0e01\u0e32\u0e23\u0e40\u0e04\u0e25\u0e37\u0e48\u0e2d\u0e19\u0e44\u0e2b\u0e27",
        "author": 2,
        "grade": 15,
        "price": 500,
        "amout": null
    },
    "model": "product.product",
    "pk": 276
},
{
    "fields": {
        "category": 2,
        "publisher": 1,
        "code": "7078162",
        "name": "Active Reader  \u0e1b\u0e2d\u0e14\u0e41\u0e25\u0e30\u0e01\u0e32\u0e23\u0e2b\u0e32\u0e22\u0e43\u0e08",
        "author": 2,
        "grade": 15,
        "price": 500,
        "amout": null
    },
    "model": "product.product",
    "pk": 277
},
{
    "fields": {
        "category": 2,
        "publisher": 1,
        "code": "7078163",
        "name": "Active Reader \u0e19\u0e31\u0e22\u0e19\u0e4c\u0e15\u0e32\u0e41\u0e25\u0e30\u0e01\u0e32\u0e23\u0e21\u0e2d\u0e07\u0e40\u0e2b\u0e47\u0e19",
        "author": 2,
        "grade": 15,
        "price": 500,
        "amout": null
    },
    "model": "product.product",
    "pk": 278
},
{
    "fields": {
        "codename": "add_logentry",
        "name": "Can add log entry",
        "content_type": 1
    },
    "model": "auth.permission",
    "pk": 1
},
{
    "fields": {
        "codename": "change_logentry",
        "name": "Can change log entry",
        "content_type": 1
    },
    "model": "auth.permission",
    "pk": 2
},
{
    "fields": {
        "codename": "delete_logentry",
        "name": "Can delete log entry",
        "content_type": 1
    },
    "model": "auth.permission",
    "pk": 3
},
{
    "fields": {
        "codename": "add_permission",
        "name": "Can add permission",
        "content_type": 2
    },
    "model": "auth.permission",
    "pk": 4
},
{
    "fields": {
        "codename": "change_permission",
        "name": "Can change permission",
        "content_type": 2
    },
    "model": "auth.permission",
    "pk": 5
},
{
    "fields": {
        "codename": "delete_permission",
        "name": "Can delete permission",
        "content_type": 2
    },
    "model": "auth.permission",
    "pk": 6
},
{
    "fields": {
        "codename": "add_group",
        "name": "Can add group",
        "content_type": 3
    },
    "model": "auth.permission",
    "pk": 7
},
{
    "fields": {
        "codename": "change_group",
        "name": "Can change group",
        "content_type": 3
    },
    "model": "auth.permission",
    "pk": 8
},
{
    "fields": {
        "codename": "delete_group",
        "name": "Can delete group",
        "content_type": 3
    },
    "model": "auth.permission",
    "pk": 9
},
{
    "fields": {
        "codename": "add_user",
        "name": "Can add user",
        "content_type": 4
    },
    "model": "auth.permission",
    "pk": 10
},
{
    "fields": {
        "codename": "change_user",
        "name": "Can change user",
        "content_type": 4
    },
    "model": "auth.permission",
    "pk": 11
},
{
    "fields": {
        "codename": "delete_user",
        "name": "Can delete user",
        "content_type": 4
    },
    "model": "auth.permission",
    "pk": 12
},
{
    "fields": {
        "codename": "add_contenttype",
        "name": "Can add content type",
        "content_type": 5
    },
    "model": "auth.permission",
    "pk": 13
},
{
    "fields": {
        "codename": "change_contenttype",
        "name": "Can change content type",
        "content_type": 5
    },
    "model": "auth.permission",
    "pk": 14
},
{
    "fields": {
        "codename": "delete_contenttype",
        "name": "Can delete content type",
        "content_type": 5
    },
    "model": "auth.permission",
    "pk": 15
},
{
    "fields": {
        "codename": "add_session",
        "name": "Can add session",
        "content_type": 6
    },
    "model": "auth.permission",
    "pk": 16
},
{
    "fields": {
        "codename": "change_session",
        "name": "Can change session",
        "content_type": 6
    },
    "model": "auth.permission",
    "pk": 17
},
{
    "fields": {
        "codename": "delete_session",
        "name": "Can delete session",
        "content_type": 6
    },
    "model": "auth.permission",
    "pk": 18
},
{
    "fields": {
        "codename": "add_site",
        "name": "Can add site",
        "content_type": 7
    },
    "model": "auth.permission",
    "pk": 19
},
{
    "fields": {
        "codename": "change_site",
        "name": "Can change site",
        "content_type": 7
    },
    "model": "auth.permission",
    "pk": 20
},
{
    "fields": {
        "codename": "delete_site",
        "name": "Can delete site",
        "content_type": 7
    },
    "model": "auth.permission",
    "pk": 21
},
{
    "fields": {
        "codename": "add_flatpage",
        "name": "Can add flat page",
        "content_type": 8
    },
    "model": "auth.permission",
    "pk": 22
},
{
    "fields": {
        "codename": "change_flatpage",
        "name": "Can change flat page",
        "content_type": 8
    },
    "model": "auth.permission",
    "pk": 23
},
{
    "fields": {
        "codename": "delete_flatpage",
        "name": "Can delete flat page",
        "content_type": 8
    },
    "model": "auth.permission",
    "pk": 24
},
{
    "fields": {
        "codename": "add_publisher",
        "name": "Can add publisher",
        "content_type": 9
    },
    "model": "auth.permission",
    "pk": 25
},
{
    "fields": {
        "codename": "change_publisher",
        "name": "Can change publisher",
        "content_type": 9
    },
    "model": "auth.permission",
    "pk": 26
},
{
    "fields": {
        "codename": "delete_publisher",
        "name": "Can delete publisher",
        "content_type": 9
    },
    "model": "auth.permission",
    "pk": 27
},
{
    "fields": {
        "codename": "add_author",
        "name": "Can add author",
        "content_type": 10
    },
    "model": "auth.permission",
    "pk": 28
},
{
    "fields": {
        "codename": "change_author",
        "name": "Can change author",
        "content_type": 10
    },
    "model": "auth.permission",
    "pk": 29
},
{
    "fields": {
        "codename": "delete_author",
        "name": "Can delete author",
        "content_type": 10
    },
    "model": "auth.permission",
    "pk": 30
},
{
    "fields": {
        "codename": "add_grade",
        "name": "Can add grade",
        "content_type": 11
    },
    "model": "auth.permission",
    "pk": 31
},
{
    "fields": {
        "codename": "change_grade",
        "name": "Can change grade",
        "content_type": 11
    },
    "model": "auth.permission",
    "pk": 32
},
{
    "fields": {
        "codename": "delete_grade",
        "name": "Can delete grade",
        "content_type": 11
    },
    "model": "auth.permission",
    "pk": 33
},
{
    "fields": {
        "codename": "add_product",
        "name": "Can add product",
        "content_type": 12
    },
    "model": "auth.permission",
    "pk": 34
},
{
    "fields": {
        "codename": "change_product",
        "name": "Can change product",
        "content_type": 12
    },
    "model": "auth.permission",
    "pk": 35
},
{
    "fields": {
        "codename": "delete_product",
        "name": "Can delete product",
        "content_type": 12
    },
    "model": "auth.permission",
    "pk": 36
},
{
    "fields": {
        "codename": "add_category",
        "name": "Can add category",
        "content_type": 13
    },
    "model": "auth.permission",
    "pk": 37
},
{
    "fields": {
        "codename": "change_category",
        "name": "Can change category",
        "content_type": 13
    },
    "model": "auth.permission",
    "pk": 38
},
{
    "fields": {
        "codename": "delete_category",
        "name": "Can delete category",
        "content_type": 13
    },
    "model": "auth.permission",
    "pk": 39
},
{
    "fields": {
        "username": "kowito",
        "first_name": "",
        "last_name": "",
        "is_active": true,
        "is_superuser": true,
        "is_staff": true,
        "last_login": "2015-09-01T08:10:34.920Z",
        "groups": [],
        "user_permissions": [],
        "password": "pbkdf2_sha256$20000$jIzmBtx49pa3$vIMlgJjH/6pkQeFU7jVzTLLsfOwkeeej9U/ya5zI9Xg=",
        "email": "kowit@i-playable.com",
        "date_joined": "2015-08-06T11:12:49.663Z"
    },
    "model": "auth.user",
    "pk": 1
},
{
    "fields": {
        "action_flag": 2,
        "action_time": "2015-08-06T11:33:38.040Z",
        "object_repr": "i-playable.com",
        "object_id": "1",
        "change_message": "Changed domain and name.",
        "user": 1,
        "content_type": 7
    },
    "model": "admin.logentry",
    "pk": 1
},
{
    "fields": {
        "action_flag": 1,
        "action_time": "2015-08-07T06:09:32.226Z",
        "object_repr": "/copyrights/ -- \u0e2a\u0e34\u0e17\u0e18\u0e34\u0e43\u0e19\u0e17\u0e23\u0e31\u0e1e\u0e22\u0e4c\u0e2a\u0e34\u0e19\u0e17\u0e32\u0e07\u0e1b\u0e31\u0e0d\u0e0d\u0e32",
        "object_id": "1",
        "change_message": "",
        "user": 1,
        "content_type": 8
    },
    "model": "admin.logentry",
    "pk": 2
},
{
    "fields": {
        "action_flag": 2,
        "action_time": "2015-08-07T06:22:55.703Z",
        "object_repr": "/copyrights/ -- \u0e2a\u0e34\u0e17\u0e18\u0e34\u0e43\u0e19\u0e17\u0e23\u0e31\u0e1e\u0e22\u0e4c\u0e2a\u0e34\u0e19\u0e17\u0e32\u0e07\u0e1b\u0e31\u0e0d\u0e0d\u0e32",
        "object_id": "1",
        "change_message": "No fields changed.",
        "user": 1,
        "content_type": 8
    },
    "model": "admin.logentry",
    "pk": 3
},
{
    "fields": {
        "action_flag": 2,
        "action_time": "2015-08-07T06:24:50.362Z",
        "object_repr": "/copyrights/ -- \u0e2a\u0e34\u0e17\u0e18\u0e34\u0e43\u0e19\u0e17\u0e23\u0e31\u0e1e\u0e22\u0e4c\u0e2a\u0e34\u0e19\u0e17\u0e32\u0e07\u0e1b\u0e31\u0e0d\u0e0d\u0e32",
        "object_id": "1",
        "change_message": "Changed template_name.",
        "user": 1,
        "content_type": 8
    },
    "model": "admin.logentry",
    "pk": 4
},
{
    "fields": {
        "action_flag": 1,
        "action_time": "2015-08-13T07:49:00.922Z",
        "object_repr": "/system-right/ -- \u0e2a\u0e34\u0e17\u0e18\u0e34\u0e43\u0e19\u0e23\u0e30\u0e1a\u0e1a\u0e41\u0e25\u0e30\u0e02\u0e49\u0e2d\u0e21\u0e39\u0e25\u0e04\u0e2d\u0e21\u0e1e\u0e34\u0e27\u0e40\u0e15\u0e2d\u0e23\u0e4c",
        "object_id": "2",
        "change_message": "",
        "user": 1,
        "content_type": 8
    },
    "model": "admin.logentry",
    "pk": 5
},
{
    "fields": {
        "action_flag": 2,
        "action_time": "2015-09-01T08:11:09.738Z",
        "object_repr": "/copyrights/ -- \u0e2a\u0e34\u0e17\u0e18\u0e34\u0e43\u0e19\u0e17\u0e23\u0e31\u0e1e\u0e22\u0e4c\u0e2a\u0e34\u0e19\u0e17\u0e32\u0e07\u0e1b\u0e31\u0e0d\u0e0d\u0e32",
        "object_id": "1",
        "change_message": "Changed content.",
        "user": 1,
        "content_type": 8
    },
    "model": "admin.logentry",
    "pk": 6
},
{
    "fields": {
        "action_flag": 2,
        "action_time": "2015-09-01T08:12:17.595Z",
        "object_repr": "/copyrights/ -- \u0e2a\u0e34\u0e17\u0e18\u0e34\u0e43\u0e19\u0e17\u0e23\u0e31\u0e1e\u0e22\u0e4c\u0e2a\u0e34\u0e19\u0e17\u0e32\u0e07\u0e1b\u0e31\u0e0d\u0e0d\u0e32",
        "object_id": "1",
        "change_message": "Changed template_name.",
        "user": 1,
        "content_type": 8
    },
    "model": "admin.logentry",
    "pk": 7
},
{
    "fields": {
        "action_flag": 1,
        "action_time": "2015-09-01T12:30:02.786Z",
        "object_repr": "Grade object",
        "object_id": "1",
        "change_message": "",
        "user": 1,
        "content_type": 11
    },
    "model": "admin.logentry",
    "pk": 8
},
{
    "fields": {
        "action_flag": 1,
        "action_time": "2015-09-01T12:30:09.324Z",
        "object_repr": "Author object",
        "object_id": "1",
        "change_message": "",
        "user": 1,
        "content_type": 10
    },
    "model": "admin.logentry",
    "pk": 9
},
{
    "fields": {
        "action_flag": 1,
        "action_time": "2015-09-01T12:30:14.465Z",
        "object_repr": "Publisher object",
        "object_id": "1",
        "change_message": "",
        "user": 1,
        "content_type": 9
    },
    "model": "admin.logentry",
    "pk": 10
},
{
    "fields": {
        "action_flag": 1,
        "action_time": "2015-09-01T12:30:24.265Z",
        "object_repr": "Product object",
        "object_id": "1",
        "change_message": "",
        "user": 1,
        "content_type": 12
    },
    "model": "admin.logentry",
    "pk": 11
},
{
    "fields": {
        "action_flag": 2,
        "action_time": "2015-09-01T12:32:24.709Z",
        "object_repr": "Playable",
        "object_id": "1",
        "change_message": "Changed name.",
        "user": 1,
        "content_type": 10
    },
    "model": "admin.logentry",
    "pk": 12
},
{
    "fields": {
        "action_flag": 2,
        "action_time": "2015-09-01T12:32:35.339Z",
        "object_repr": "Playable",
        "object_id": "1",
        "change_message": "No fields changed.",
        "user": 1,
        "content_type": 10
    },
    "model": "admin.logentry",
    "pk": 13
},
{
    "fields": {
        "action_flag": 2,
        "action_time": "2015-09-01T12:32:47.490Z",
        "object_repr": "Playable Pubs.",
        "object_id": "1",
        "change_message": "Changed name.",
        "user": 1,
        "content_type": 9
    },
    "model": "admin.logentry",
    "pk": 14
},
{
    "fields": {
        "action_flag": 2,
        "action_time": "2015-09-01T12:46:16.468Z",
        "object_repr": "\u0e1b.1",
        "object_id": "1",
        "change_message": "Changed name.",
        "user": 1,
        "content_type": 11
    },
    "model": "admin.logentry",
    "pk": 15
},
{
    "fields": {
        "action_flag": 1,
        "action_time": "2015-09-01T12:46:24.246Z",
        "object_repr": "\u0e1b.2",
        "object_id": "2",
        "change_message": "",
        "user": 1,
        "content_type": 11
    },
    "model": "admin.logentry",
    "pk": 16
},
{
    "fields": {
        "action_flag": 1,
        "action_time": "2015-09-01T12:46:28.106Z",
        "object_repr": "\u0e1b.3",
        "object_id": "3",
        "change_message": "",
        "user": 1,
        "content_type": 11
    },
    "model": "admin.logentry",
    "pk": 17
},
{
    "fields": {
        "action_flag": 1,
        "action_time": "2015-09-01T12:46:31.661Z",
        "object_repr": "\u0e1b.4",
        "object_id": "4",
        "change_message": "",
        "user": 1,
        "content_type": 11
    },
    "model": "admin.logentry",
    "pk": 18
},
{
    "fields": {
        "action_flag": 1,
        "action_time": "2015-09-01T12:46:35.283Z",
        "object_repr": "\u0e1b.5",
        "object_id": "5",
        "change_message": "",
        "user": 1,
        "content_type": 11
    },
    "model": "admin.logentry",
    "pk": 19
},
{
    "fields": {
        "action_flag": 1,
        "action_time": "2015-09-01T12:46:39.248Z",
        "object_repr": "\u0e1b.6",
        "object_id": "6",
        "change_message": "",
        "user": 1,
        "content_type": 11
    },
    "model": "admin.logentry",
    "pk": 20
},
{
    "fields": {
        "action_flag": 3,
        "action_time": "2015-09-01T12:48:16.682Z",
        "object_repr": "Test",
        "object_id": "1",
        "change_message": "",
        "user": 1,
        "content_type": 12
    },
    "model": "admin.logentry",
    "pk": 21
},
{
    "fields": {
        "action_flag": 1,
        "action_time": "2015-09-01T13:16:55.771Z",
        "object_repr": "Active Learner",
        "object_id": "1",
        "change_message": "",
        "user": 1,
        "content_type": 13
    },
    "model": "admin.logentry",
    "pk": 22
},
{
    "fields": {
        "action_flag": 1,
        "action_time": "2015-09-01T13:17:02.048Z",
        "object_repr": "Active Reader",
        "object_id": "2",
        "change_message": "",
        "user": 1,
        "content_type": 13
    },
    "model": "admin.logentry",
    "pk": 23
},
{
    "fields": {
        "action_flag": 1,
        "action_time": "2015-09-01T13:17:17.708Z",
        "object_repr": "Universal Curriculum",
        "object_id": "3",
        "change_message": "",
        "user": 1,
        "content_type": 13
    },
    "model": "admin.logentry",
    "pk": 24
},
{
    "fields": {
        "action_flag": 1,
        "action_time": "2015-09-01T13:17:40.041Z",
        "object_repr": "\u0e21.1",
        "object_id": "7",
        "change_message": "",
        "user": 1,
        "content_type": 11
    },
    "model": "admin.logentry",
    "pk": 25
},
{
    "fields": {
        "action_flag": 1,
        "action_time": "2015-09-01T13:17:47.399Z",
        "object_repr": "\u0e21.2",
        "object_id": "8",
        "change_message": "",
        "user": 1,
        "content_type": 11
    },
    "model": "admin.logentry",
    "pk": 26
},
{
    "fields": {
        "action_flag": 1,
        "action_time": "2015-09-01T13:17:51.267Z",
        "object_repr": "\u0e21.3",
        "object_id": "9",
        "change_message": "",
        "user": 1,
        "content_type": 11
    },
    "model": "admin.logentry",
    "pk": 27
},
{
    "fields": {
        "action_flag": 1,
        "action_time": "2015-09-01T13:17:59.369Z",
        "object_repr": "\u0e21.4",
        "object_id": "10",
        "change_message": "",
        "user": 1,
        "content_type": 11
    },
    "model": "admin.logentry",
    "pk": 28
},
{
    "fields": {
        "action_flag": 1,
        "action_time": "2015-09-01T13:18:04.408Z",
        "object_repr": "\u0e21.5",
        "object_id": "11",
        "change_message": "",
        "user": 1,
        "content_type": 11
    },
    "model": "admin.logentry",
    "pk": 29
},
{
    "fields": {
        "action_flag": 1,
        "action_time": "2015-09-01T13:18:09.258Z",
        "object_repr": "\u0e21.6",
        "object_id": "12",
        "change_message": "",
        "user": 1,
        "content_type": 11
    },
    "model": "admin.logentry",
    "pk": 30
},
{
    "fields": {
        "action_flag": 1,
        "action_time": "2015-09-01T13:18:32.105Z",
        "object_repr": "\u0e1b.4-\u0e1b.6",
        "object_id": "13",
        "change_message": "",
        "user": 1,
        "content_type": 11
    },
    "model": "admin.logentry",
    "pk": 31
},
{
    "fields": {
        "action_flag": 1,
        "action_time": "2015-09-01T13:18:42.556Z",
        "object_repr": "\u0e1b\u0e23\u0e30\u0e16\u0e21",
        "object_id": "14",
        "change_message": "",
        "user": 1,
        "content_type": 11
    },
    "model": "admin.logentry",
    "pk": 32
},
{
    "fields": {
        "action_flag": 1,
        "action_time": "2015-09-01T13:18:54.211Z",
        "object_repr": "\u0e1b\u0e23\u0e30\u0e16\u0e21-\u0e21\u0e31\u0e18\u0e22\u0e21",
        "object_id": "15",
        "change_message": "",
        "user": 1,
        "content_type": 11
    },
    "model": "admin.logentry",
    "pk": 33
},
{
    "fields": {
        "action_flag": 1,
        "action_time": "2015-09-01T13:20:17.448Z",
        "object_repr": "\u0e27\u0e34\u0e0a\u0e32\u0e01\u0e32\u0e23",
        "object_id": "2",
        "change_message": "",
        "user": 1,
        "content_type": 10
    },
    "model": "admin.logentry",
    "pk": 34
},
{
    "fields": {
        "action_flag": 2,
        "action_time": "2015-09-01T13:20:33.270Z",
        "object_repr": "YDP Sanoma Finland",
        "object_id": "1",
        "change_message": "Changed name.",
        "user": 1,
        "content_type": 10
    },
    "model": "admin.logentry",
    "pk": 35
},
{
    "fields": {
        "action_flag": 3,
        "action_time": "2015-09-01T13:20:52.721Z",
        "object_repr": "\u0e27\u0e07\u0e08\u0e23\u0e2d\u0e19\u0e38\u0e01\u0e23\u0e21\u0e41\u0e25\u0e30\u0e02\u0e19\u0e32\u0e19",
        "object_id": "37",
        "change_message": "",
        "user": 1,
        "content_type": 12
    },
    "model": "admin.logentry",
    "pk": 36
},
{
    "fields": {
        "action_flag": 3,
        "action_time": "2015-09-01T13:20:52.723Z",
        "object_repr": "\u0e27\u0e07\u0e08\u0e23\u0e44\u0e1f\u0e1f\u0e49\u0e32",
        "object_id": "36",
        "change_message": "",
        "user": 1,
        "content_type": 12
    },
    "model": "admin.logentry",
    "pk": 37
},
{
    "fields": {
        "action_flag": 3,
        "action_time": "2015-09-01T13:20:52.725Z",
        "object_repr": "\u0e01\u0e32\u0e23\u0e41\u0e22\u0e01\u0e2a\u0e32\u0e23\u0e1c\u0e2a\u0e21",
        "object_id": "35",
        "change_message": "",
        "user": 1,
        "content_type": 12
    },
    "model": "admin.logentry",
    "pk": 38
},
{
    "fields": {
        "action_flag": 3,
        "action_time": "2015-09-01T13:20:52.726Z",
        "object_repr": "\u0e02\u0e2d\u0e07\u0e41\u0e02\u0e47\u0e07 \u0e02\u0e2d\u0e07\u0e40\u0e2b\u0e25\u0e27\u0e41\u0e25\u0e30\u0e41\u0e01\u0e4a\u0e2a",
        "object_id": "34",
        "change_message": "",
        "user": 1,
        "content_type": 12
    },
    "model": "admin.logentry",
    "pk": 39
},
{
    "fields": {
        "action_flag": 3,
        "action_time": "2015-09-01T13:20:52.730Z",
        "object_repr": "\u0e01\u0e32\u0e23\u0e22\u0e48\u0e2d\u0e22\u0e2d\u0e32\u0e2b\u0e32\u0e23",
        "object_id": "33",
        "change_message": "",
        "user": 1,
        "content_type": 12
    },
    "model": "admin.logentry",
    "pk": 40
},
{
    "fields": {
        "action_flag": 3,
        "action_time": "2015-09-01T13:20:52.731Z",
        "object_repr": "\u0e42\u0e20\u0e0a\u0e19\u0e32\u0e01\u0e32\u0e23: \u0e2a\u0e21\u0e14\u0e38\u0e25\u0e2d\u0e32\u0e2b\u0e32\u0e23",
        "object_id": "32",
        "change_message": "",
        "user": 1,
        "content_type": 12
    },
    "model": "admin.logentry",
    "pk": 41
},
{
    "fields": {
        "action_flag": 3,
        "action_time": "2015-09-01T13:20:52.733Z",
        "object_repr": "\u0e08\u0e33\u0e19\u0e27\u0e19",
        "object_id": "31",
        "change_message": "",
        "user": 1,
        "content_type": 12
    },
    "model": "admin.logentry",
    "pk": 42
},
{
    "fields": {
        "action_flag": 3,
        "action_time": "2015-09-01T13:20:52.735Z",
        "object_repr": "\u0e01\u0e32\u0e23\u0e04\u0e39\u0e13\u0e41\u0e25\u0e30\u0e01\u0e32\u0e23\u0e2b\u0e32\u0e23\u0e08\u0e33\u0e19\u0e27\u0e19\u0e40\u0e15\u0e47\u0e21\u0e14\u0e49\u0e27\u0e22\u0e40\u0e28\u0e29\u0e2a\u0e48\u0e27\u0e19",
        "object_id": "30",
        "change_message": "",
        "user": 1,
        "content_type": 12
    },
    "model": "admin.logentry",
    "pk": 43
},
{
    "fields": {
        "action_flag": 3,
        "action_time": "2015-09-01T13:20:52.737Z",
        "object_repr": "\u0e01\u0e32\u0e23\u0e1a\u0e27\u0e01\u0e41\u0e25\u0e30\u0e01\u0e32\u0e23\u0e25\u0e1a\u0e40\u0e28\u0e29\u0e2a\u0e48\u0e27\u0e19",
        "object_id": "29",
        "change_message": "",
        "user": 1,
        "content_type": 12
    },
    "model": "admin.logentry",
    "pk": 44
},
{
    "fields": {
        "action_flag": 3,
        "action_time": "2015-09-01T13:20:52.739Z",
        "object_repr": "\u0e1e\u0e2b\u0e38\u0e04\u0e39\u0e13 \u0e15\u0e31\u0e27\u0e1b\u0e23\u0e30\u0e01\u0e2d\u0e1a \u0e41\u0e25\u0e30\u0e40\u0e25\u0e02\u0e22\u0e01\u0e01\u0e33\u0e25\u0e31\u0e07",
        "object_id": "28",
        "change_message": "",
        "user": 1,
        "content_type": 12
    },
    "model": "admin.logentry",
    "pk": 45
},
{
    "fields": {
        "action_flag": 3,
        "action_time": "2015-09-01T13:20:52.741Z",
        "object_repr": "\u0e2a\u0e21\u0e01\u0e32\u0e23\u0e40\u0e0a\u0e34\u0e07\u0e40\u0e2a\u0e49\u0e19\u0e15\u0e31\u0e27\u0e41\u0e1b\u0e23\u0e40\u0e14\u0e35\u0e22\u0e27",
        "object_id": "27",
        "change_message": "",
        "user": 1,
        "content_type": 12
    },
    "model": "admin.logentry",
    "pk": 46
},
{
    "fields": {
        "action_flag": 3,
        "action_time": "2015-09-01T13:20:52.743Z",
        "object_repr": "\u0e15\u0e31\u0e27\u0e1b\u0e23\u0e30\u0e01\u0e2d\u0e1a\u0e41\u0e25\u0e30\u0e01\u0e32\u0e23\u0e41\u0e22\u0e01\u0e15\u0e31\u0e27\u0e1b\u0e23\u0e30\u0e01\u0e2d\u0e1a",
        "object_id": "26",
        "change_message": "",
        "user": 1,
        "content_type": 12
    },
    "model": "admin.logentry",
    "pk": 47
},
{
    "fields": {
        "action_flag": 3,
        "action_time": "2015-09-01T13:20:52.744Z",
        "object_repr": "\u0e01\u0e32\u0e23\u0e44\u0e14\u0e49\u0e22\u0e34\u0e19",
        "object_id": "25",
        "change_message": "",
        "user": 1,
        "content_type": 12
    },
    "model": "admin.logentry",
    "pk": 48
},
{
    "fields": {
        "action_flag": 3,
        "action_time": "2015-09-01T13:20:52.746Z",
        "object_repr": "\u0e40\u0e2a\u0e35\u0e22\u0e07",
        "object_id": "24",
        "change_message": "",
        "user": 1,
        "content_type": 12
    },
    "model": "admin.logentry",
    "pk": 49
},
{
    "fields": {
        "action_flag": 3,
        "action_time": "2015-09-01T13:20:52.748Z",
        "object_repr": "\u0e41\u0e23\u0e07\u0e40\u0e2a\u0e35\u0e22\u0e14\u0e17\u0e32\u0e19",
        "object_id": "23",
        "change_message": "",
        "user": 1,
        "content_type": 12
    },
    "model": "admin.logentry",
    "pk": 50
},
{
    "fields": {
        "action_flag": 3,
        "action_time": "2015-09-01T13:20:52.749Z",
        "object_repr": "\u0e04\u0e27\u0e32\u0e21\u0e14\u0e31\u0e19\u0e2d\u0e32\u0e01\u0e32\u0e28",
        "object_id": "22",
        "change_message": "",
        "user": 1,
        "content_type": 12
    },
    "model": "admin.logentry",
    "pk": 51
},
{
    "fields": {
        "action_flag": 3,
        "action_time": "2015-09-01T13:20:52.753Z",
        "object_repr": "\u0e01\u0e32\u0e23\u0e40\u0e1b\u0e25\u0e35\u0e48\u0e22\u0e19\u0e41\u0e1b\u0e25\u0e07\u0e17\u0e32\u0e07\u0e01\u0e32\u0e22\u0e20\u0e32\u0e1e\u0e02\u0e2d\u0e07\u0e27\u0e31\u0e2a\u0e14\u0e38",
        "object_id": "21",
        "change_message": "",
        "user": 1,
        "content_type": 12
    },
    "model": "admin.logentry",
    "pk": 52
},
{
    "fields": {
        "action_flag": 3,
        "action_time": "2015-09-01T13:20:52.755Z",
        "object_repr": "\u0e42\u0e04\u0e23\u0e07\u0e2a\u0e23\u0e49\u0e32\u0e07\u0e02\u0e2d\u0e07\u0e1e\u0e37\u0e0a\u0e14\u0e2d\u0e01",
        "object_id": "20",
        "change_message": "",
        "user": 1,
        "content_type": 12
    },
    "model": "admin.logentry",
    "pk": 53
},
{
    "fields": {
        "action_flag": 3,
        "action_time": "2015-09-01T13:20:52.756Z",
        "object_repr": "\u0e23\u0e49\u0e2d\u0e22\u0e25\u0e30",
        "object_id": "19",
        "change_message": "",
        "user": 1,
        "content_type": 12
    },
    "model": "admin.logentry",
    "pk": 54
},
{
    "fields": {
        "action_flag": 3,
        "action_time": "2015-09-01T13:20:52.759Z",
        "object_repr": "\u0e1e\u0e37\u0e49\u0e19\u0e17\u0e35\u0e48\u0e02\u0e2d\u0e07\u0e23\u0e39\u0e1b\u0e2b\u0e25\u0e32\u0e22\u0e40\u0e2b\u0e25\u0e35\u0e48\u0e22\u0e21",
        "object_id": "18",
        "change_message": "",
        "user": 1,
        "content_type": 12
    },
    "model": "admin.logentry",
    "pk": 55
},
{
    "fields": {
        "action_flag": 3,
        "action_time": "2015-09-01T13:20:52.761Z",
        "object_repr": "\u0e21\u0e38\u0e21\u0e20\u0e32\u0e22\u0e43\u0e19\u0e23\u0e39\u0e1b\u0e2a\u0e32\u0e21\u0e40\u0e2b\u0e25\u0e35\u0e48\u0e22\u0e21\u0e41\u0e25\u0e30\u0e23\u0e39\u0e1b\u0e2a\u0e35\u0e48\u0e40\u0e2b\u0e25\u0e35\u0e48\u0e22\u0e21",
        "object_id": "17",
        "change_message": "",
        "user": 1,
        "content_type": 12
    },
    "model": "admin.logentry",
    "pk": 56
},
{
    "fields": {
        "action_flag": 3,
        "action_time": "2015-09-01T13:20:52.763Z",
        "object_repr": "\u0e23\u0e49\u0e2d\u0e22\u0e25\u0e30\u0e41\u0e25\u0e30\u0e40\u0e1b\u0e2d\u0e23\u0e4c\u0e40\u0e0b\u0e47\u0e19\u0e15\u0e4c",
        "object_id": "16",
        "change_message": "",
        "user": 1,
        "content_type": 12
    },
    "model": "admin.logentry",
    "pk": 57
},
{
    "fields": {
        "action_flag": 3,
        "action_time": "2015-09-01T13:20:52.764Z",
        "object_repr": "\u0e01\u0e32\u0e23\u0e27\u0e31\u0e14\u0e04\u0e27\u0e32\u0e21\u0e19\u0e48\u0e32\u0e08\u0e30\u0e40\u0e1b\u0e47\u0e19",
        "object_id": "15",
        "change_message": "",
        "user": 1,
        "content_type": 12
    },
    "model": "admin.logentry",
    "pk": 58
},
{
    "fields": {
        "action_flag": 3,
        "action_time": "2015-09-01T13:20:52.766Z",
        "object_repr": "\u0e01\u0e32\u0e23\u0e40\u0e1b\u0e25\u0e35\u0e48\u0e22\u0e19\u0e40\u0e28\u0e29\u0e2a\u0e48\u0e27\u0e19\u0e43\u0e2b\u0e49\u0e2d\u0e22\u0e39\u0e48\u0e43\u0e19\u0e23\u0e39\u0e1b\u0e17\u0e28\u0e19\u0e34\u0e22\u0e21\u0e41\u0e25\u0e30\u0e40\u0e1b\u0e2d\u0e23\u0e4c\u0e40\u0e0b\u0e47\u0e19\u0e15\u0e4c",
        "object_id": "14",
        "change_message": "",
        "user": 1,
        "content_type": 12
    },
    "model": "admin.logentry",
    "pk": 59
},
{
    "fields": {
        "action_flag": 3,
        "action_time": "2015-09-01T13:20:52.768Z",
        "object_repr": "\u0e14\u0e32\u0e27\u0e40\u0e17\u0e35\u0e22\u0e21 \u0e14\u0e27\u0e07\u0e08\u0e31\u0e19\u0e17\u0e23\u0e4c\u0e41\u0e25\u0e30\u0e14\u0e32\u0e27\u0e1a\u0e23\u0e34\u0e27\u0e32\u0e23",
        "object_id": "13",
        "change_message": "",
        "user": 1,
        "content_type": 12
    },
    "model": "admin.logentry",
    "pk": 60
},
{
    "fields": {
        "action_flag": 3,
        "action_time": "2015-09-01T13:20:52.770Z",
        "object_repr": "\u0e23\u0e30\u0e1a\u0e1a\u0e2a\u0e38\u0e23\u0e34\u0e22\u0e30",
        "object_id": "12",
        "change_message": "",
        "user": 1,
        "content_type": 12
    },
    "model": "admin.logentry",
    "pk": 61
},
{
    "fields": {
        "action_flag": 3,
        "action_time": "2015-09-01T13:20:52.771Z",
        "object_repr": "\u0e01\u0e32\u0e23\u0e2b\u0e31\u0e01\u0e40\u0e2b\u0e02\u0e2d\u0e07\u0e41\u0e2a\u0e07",
        "object_id": "11",
        "change_message": "",
        "user": 1,
        "content_type": 12
    },
    "model": "admin.logentry",
    "pk": 62
},
{
    "fields": {
        "action_flag": 3,
        "action_time": "2015-09-01T13:20:52.773Z",
        "object_repr": "\u0e01\u0e32\u0e23\u0e2a\u0e30\u0e17\u0e49\u0e2d\u0e19\u0e02\u0e2d\u0e07\u0e41\u0e2a\u0e07",
        "object_id": "10",
        "change_message": "",
        "user": 1,
        "content_type": 12
    },
    "model": "admin.logentry",
    "pk": 63
},
{
    "fields": {
        "action_flag": 3,
        "action_time": "2015-09-01T13:20:52.775Z",
        "object_repr": "\u0e01\u0e32\u0e23\u0e07\u0e2d\u0e01\u0e02\u0e2d\u0e07\u0e40\u0e21\u0e25\u0e47\u0e14\u0e41\u0e25\u0e30\u0e01\u0e32\u0e23\u0e40\u0e08\u0e23\u0e34\u0e0d\u0e40\u0e15\u0e34\u0e1a\u0e42\u0e15\u0e02\u0e2d\u0e07\u0e1e\u0e37\u0e0a",
        "object_id": "9",
        "change_message": "",
        "user": 1,
        "content_type": 12
    },
    "model": "admin.logentry",
    "pk": 64
},
{
    "fields": {
        "action_flag": 3,
        "action_time": "2015-09-01T13:20:52.777Z",
        "object_repr": "\u0e01\u0e32\u0e23\u0e2a\u0e31\u0e07\u0e40\u0e04\u0e23\u0e32\u0e30\u0e2b\u0e4c\u0e14\u0e49\u0e27\u0e22\u0e41\u0e2a\u0e07\u0e02\u0e2d\u0e07\u0e1e\u0e37\u0e0a",
        "object_id": "8",
        "change_message": "",
        "user": 1,
        "content_type": 12
    },
    "model": "admin.logentry",
    "pk": 65
},
{
    "fields": {
        "action_flag": 3,
        "action_time": "2015-09-01T13:20:52.778Z",
        "object_repr": "\u0e01\u0e32\u0e23\u0e40\u0e1b\u0e25\u0e35\u0e48\u0e22\u0e19\u0e2b\u0e19\u0e48\u0e27\u0e22",
        "object_id": "7",
        "change_message": "",
        "user": 1,
        "content_type": 12
    },
    "model": "admin.logentry",
    "pk": 66
},
{
    "fields": {
        "action_flag": 3,
        "action_time": "2015-09-01T13:20:52.780Z",
        "object_repr": "\u0e01\u0e32\u0e23\u0e41\u0e01\u0e49\u0e42\u0e08\u0e17\u0e22\u0e4c\u0e1b\u0e31\u0e0d\u0e2b\u0e32",
        "object_id": "6",
        "change_message": "",
        "user": 1,
        "content_type": 12
    },
    "model": "admin.logentry",
    "pk": 67
},
{
    "fields": {
        "action_flag": 3,
        "action_time": "2015-09-01T13:20:52.782Z",
        "object_repr": "\u0e01\u0e32\u0e23\u0e27\u0e31\u0e14\u0e04\u0e27\u0e32\u0e21\u0e22\u0e32\u0e27",
        "object_id": "5",
        "change_message": "",
        "user": 1,
        "content_type": 12
    },
    "model": "admin.logentry",
    "pk": 68
},
{
    "fields": {
        "action_flag": 3,
        "action_time": "2015-09-01T13:20:52.783Z",
        "object_repr": "\u0e2a\u0e21\u0e1a\u0e31\u0e15\u0e34\u0e02\u0e2d\u0e07\u0e23\u0e39\u0e1b\u0e40\u0e23\u0e02\u0e32\u0e04\u0e13\u0e34\u0e15",
        "object_id": "4",
        "change_message": "",
        "user": 1,
        "content_type": 12
    },
    "model": "admin.logentry",
    "pk": 69
},
{
    "fields": {
        "action_flag": 3,
        "action_time": "2015-09-01T13:20:52.785Z",
        "object_repr": "\u0e40\u0e28\u0e29\u0e2a\u0e48\u0e27\u0e19\u0e41\u0e25\u0e30\u0e01\u0e32\u0e23\u0e40\u0e23\u0e35\u0e22\u0e07\u0e25\u0e33\u0e14\u0e31\u0e1a\u0e40\u0e28\u0e29\u0e2a\u0e48\u0e27\u0e19",
        "object_id": "3",
        "change_message": "",
        "user": 1,
        "content_type": 12
    },
    "model": "admin.logentry",
    "pk": 70
},
{
    "fields": {
        "action_flag": 3,
        "action_time": "2015-09-01T13:20:52.787Z",
        "object_repr": "\u0e01\u0e32\u0e23\u0e40\u0e23\u0e35\u0e22\u0e07\u0e25\u0e33\u0e14\u0e31\u0e1a\u0e17\u0e28\u0e19\u0e34\u0e22\u0e21",
        "object_id": "2",
        "change_message": "",
        "user": 1,
        "content_type": 12
    },
    "model": "admin.logentry",
    "pk": 71
}
]
